song_id,genre_clean,language,orig_tempo,recon_tempo,orig_loudness,recon_loudness,orig_duration,recon_duration,orig_timbre_mean_1,recon_timbre_mean_1,orig_pitches_mean_1,recon_pitches_mean_1,orig_timbre_mean_2,recon_timbre_mean_2,orig_pitches_mean_2,recon_pitches_mean_2,orig_timbre_mean_3,recon_timbre_mean_3,orig_pitches_mean_3,recon_pitches_mean_3,orig_timbre_mean_4,recon_timbre_mean_4,orig_pitches_mean_4,recon_pitches_mean_4,orig_timbre_mean_5,recon_timbre_mean_5,orig_pitches_mean_5,recon_pitches_mean_5,orig_timbre_mean_6,recon_timbre_mean_6,orig_pitches_mean_6,recon_pitches_mean_6,orig_timbre_mean_7,recon_timbre_mean_7,orig_pitches_mean_7,recon_pitches_mean_7,orig_timbre_mean_8,recon_timbre_mean_8,orig_pitches_mean_8,recon_pitches_mean_8,orig_timbre_mean_9,recon_timbre_mean_9,orig_pitches_mean_9,recon_pitches_mean_9,orig_timbre_mean_10,recon_timbre_mean_10,orig_pitches_mean_10,recon_pitches_mean_10,orig_timbre_mean_11,recon_timbre_mean_11,orig_pitches_mean_11,recon_pitches_mean_11,orig_timbre_mean_12,recon_timbre_mean_12,orig_pitches_mean_12,recon_pitches_mean_12,orig_text_1,recon_text_1,orig_text_2,recon_text_2,orig_text_3,recon_text_3,orig_text_4,recon_text_4,orig_text_5,recon_text_5,orig_text_6,recon_text_6,orig_text_7,recon_text_7,orig_text_8,recon_text_8,orig_text_9,recon_text_9,orig_text_10,recon_text_10,orig_text_11,recon_text_11,orig_text_12,recon_text_12,orig_text_13,recon_text_13,orig_text_14,recon_text_14,orig_text_15,recon_text_15,orig_text_16,recon_text_16,orig_text_17,recon_text_17,orig_text_18,recon_text_18,orig_text_19,recon_text_19,orig_text_20,recon_text_20,orig_text_21,recon_text_21,orig_text_22,recon_text_22,orig_text_23,recon_text_23,orig_text_24,recon_text_24,orig_text_25,recon_text_25,orig_text_26,recon_text_26,orig_text_27,recon_text_27,orig_text_28,recon_text_28,orig_text_29,recon_text_29,orig_text_30,recon_text_30,orig_text_31,recon_text_31,orig_text_32,recon_text_32,orig_text_33,recon_text_33,orig_text_34,recon_text_34,orig_text_35,recon_text_35,orig_text_36,recon_text_36,orig_text_37,recon_text_37,orig_text_38,recon_text_38,orig_text_39,recon_text_39,orig_text_40,recon_text_40,orig_text_41,recon_text_41,orig_text_42,recon_text_42,orig_text_43,recon_text_43,orig_text_44,recon_text_44,orig_text_45,recon_text_45,orig_text_46,recon_text_46,orig_text_47,recon_text_47,orig_text_48,recon_text_48,orig_text_49,recon_text_49,orig_text_50,recon_text_50
SOGSMXL12A81C23D88,chanson,en,0.038602665,0.027539834,0.15639894,-0.13051142,-0.8019775,-0.3687544,0.2971932,-0.16007535,3.463133,-0.48164845,-0.078144625,-0.23488711,2.2370062,-0.5350078,-0.6853265,0.22440703,-1.4943172,-0.31321958,-0.6297182,-0.13203663,-0.74240816,-0.22915015,-0.20514861,0.09220706,-0.58070487,-0.1926535,-0.50711334,0.5309927,-1.2405741,-0.25068256,1.1193472,-0.51076186,-1.3984889,-0.30474153,-0.071677975,-0.036657315,-1.655807,-0.23415789,0.56256497,-0.015906436,-1.7425312,-0.21805198,-0.32885638,-0.25747725,-1.6570735,-0.15021099,-0.18678261,-0.18017633,-1.4941734,-0.16864072,0.90455544,0.5545169,-0.7337876,-0.18826234,-0.08900664,-0.21968983,-0.25199497,-0.15499774,0.54545295,-0.016163146,-0.6459216,-0.18071552,0.30603358,0.60112447,-0.36343926,-0.3408101,0.7798093,0.46428072,-0.3453914,-0.32762927,0.5437017,-0.086084075,-2.1755228,-1.1331568,-0.6295476,-0.713288,-0.0463094,-0.56375206,0.05944121,-0.15232179,0.65077716,-0.5768452,-0.67929536,0.1390393,-0.6799367,-0.007266242,-1.7624216,0.6161243,-1.2286826,-0.5700912,0.16792466,-0.8992516,0.1431951,0.052588932,-1.2418462,-0.85882425,0.7492259,0.069827974,0.17672628,0.4174999,-0.0018884377,0.724762,0.24951196,-0.94048387,-0.30507103,-0.24260302,0.17139637,0.19945581,0.6703476,1.5859421,-0.73696554,0.3513573,3.5081332,0.09770964,0.6096426,1.1053668,-1.817899,-1.3602853,-0.29541036,0.09945551,1.2672765,0.7376452,-0.3551669,-0.32345542,0.755749,0.93452567,-3.210018,-0.82661897,0.58296156,-0.3533471,-1.1221157,0.40565014,0.32845438,-0.40995342,-0.2771771,0.1482142,1.0096723,-0.13631532,-0.16884331,-0.0014789654,-0.5120036,0.868644,0.54058224,0.22878821,0.38804206,-0.035052277,-1.0599276,-0.24988961,-1.5271071,-0.06485649,-0.94715345,0.5989074,0.20478693,-0.2140826
SOMBCOW12AAF3B229F,chanson,en,-1.2168216,0.022099854,-0.10692608,-0.15763687,0.13373543,-0.3377061,-0.2436757,-0.14567463,-2.008635,-0.46582147,-0.67284995,-0.21010149,-0.25681242,-0.5209942,1.0991398,0.21265304,-1.885177,-0.2930677,-0.08489607,-0.15312918,0.4362378,-0.22280791,1.2458509,0.08909589,-0.6070945,-0.18863872,-0.43424273,0.4961937,-1.9167092,-0.2333843,-0.87645197,-0.47193488,-0.81612647,-0.24117014,-0.16493794,-0.040523198,-1.1407365,-0.19202577,-0.11544845,0.016743038,0.6633937,-0.18212493,-0.9204738,-0.28589123,-0.8441195,-0.160222,0.44371304,-0.15610081,-1.5772289,-0.21254627,1.1306627,0.5501462,-1.655921,-0.21166484,0.24512793,-0.26465592,-0.26167727,-0.10871013,-0.20364794,-0.07525301,-1.0937682,-0.084783085,0.67413545,0.5639195,-0.36792725,-0.28519356,1.0943707,0.4656211,-0.83131707,-0.4114476,0.5357742,-0.10418609,-3.0891366,-1.0273728,0.2794666,-0.7512155,-1.8657658,-0.5709298,0.5365836,-0.15905029,-0.65260684,-0.5316536,-0.05530178,0.13962635,0.5789191,0.013415443,0.8415036,0.64678353,-1.7208215,-0.5266646,0.9076224,-0.7565367,-0.7608978,0.111418545,-1.5978776,-0.7954725,-0.37801966,0.032752547,1.2396108,0.33635196,1.7745789,0.6672517,-1.4102019,-0.9054027,1.2550893,-0.19643927,1.830765,0.19764021,4.0868764,1.5168626,3.0951388,0.31956804,-1.695634,0.10141078,3.6050193,1.0187733,-1.4031947,-1.3481238,0.8142748,0.061758317,2.1935658,0.7469519,-1.2928894,-0.32247746,1.5888534,0.9220818,-2.3379867,-0.7713351,-2.8587935,-0.36159837,0.5598295,0.4278333,-1.4676543,-0.3590687,0.15500236,0.10512045,-1.3920738,-0.18111807,0.41070583,-0.051359423,2.8823428,0.8265727,-0.21089897,0.2047287,-1.7971575,-0.0062660463,-3.025016,-0.24259079,0.41764128,-0.07352066,2.2110827,0.537619,1.6502153,-0.18036912
SOEYIHF12AB017B5F4,other,en,-1.9365314,-0.009491712,-2.5237877,-0.05935043,-1.4366493,0.0021692626,-2.0018125,-0.046150625,-0.22046424,-0.015625251,-1.0785083,-0.02791842,-1.0527735,-0.014743093,0.37377015,0.017803159,0.9987714,-0.014966212,-0.9274485,-0.019768419,0.7920915,-2.4816021e-05,-0.4407695,-0.028277338,-1.1690351,-0.01774876,0.2610336,-0.04080607,-0.653838,-0.013872805,-0.091679715,-0.026683766,-1.4434412,-0.009864189,-1.0285983,0.002849983,0.14927238,-0.009683783,-1.36183,0.020548644,0.20283622,-0.028258774,-1.1764892,0.002431199,-1.130792,-0.04547926,-1.2717528,0.034801286,-1.0534844,0.0013844054,-0.3997299,0.01726283,-0.9038474,0.020431388,-1.1924278,-0.12691988,-0.09028282,0.056942634,-0.28311267,-0.051326346,-0.09330059,0.043200124,0.017899144,0.05007066,-0.060402524,0.027471086,1.0238546,0.0055406764,0.031898975,-0.08685994,0.13624503,0.07932423,0.53857595,0.03738562,-0.5177848,-0.06742369,0.65457886,0.059745383,-0.42653215,-0.021737799,0.029908324,-0.049090434,-0.14930962,0.04575962,-0.086415865,0.030230157,-0.12059316,-0.043062985,0.40598232,0.07396762,0.05823597,0.026512936,0.611784,0.01838067,-0.21680155,0.034267053,-0.46429658,-0.0022074655,1.0220197,-0.009333983,0.055832237,0.029920207,-0.49500516,-0.07052724,0.38977456,-0.0011808313,-0.09505966,-0.01991591,-0.743284,0.019019525,0.044346303,-0.04237855,-0.083488114,-0.041155595,-0.5967544,-0.06006763,0.48549095,0.038482867,-0.21257941,-0.00251015,-0.8201916,-0.045439247,0.26406974,-0.013092864,-0.1298423,-0.008226227,0.17793715,0.006673701,-0.20491402,0.020747112,-0.23824932,-0.027035458,-0.059386544,0.012128307,-0.2794796,-0.030030107,0.08751984,0.016655605,0.15999645,-0.054617267,-0.042565852,-0.013843842,0.51959336,0.031675223,-0.53656054,-0.03866434,-0.51890236,0.004757009,0.11452845,-0.0091131525,1.1346754,-0.041232888,-0.52476156,-0.015124595
SODJYEC12A8C13D757,other,en,-1.3005831,-0.01660013,0.86617535,-0.06389951,-0.6683377,-0.0020532086,1.3992407,-0.0400367,0.6827937,-0.014016162,0.5678035,-0.046686616,0.7786855,-0.03683918,0.632775,0.03152854,0.5539412,-0.01490142,-0.24541172,-0.017484471,1.0857061,-0.015473366,-0.77088064,-0.015021145,0.7077371,-0.023188932,-1.516006,-0.030290091,1.156652,-0.010244228,0.77568346,-0.023236748,1.9746432,-0.019792996,0.30201972,-0.007976892,1.3681473,-0.008216724,0.9348243,0.012959739,0.9972811,-0.026620377,0.63891774,-0.0071619023,0.2655165,-0.03933517,-0.25001815,0.030265437,1.3334981,-0.007107446,-1.5107834,0.02008051,1.8315703,0.015958108,-0.49227443,-0.14391536,1.1514665,0.05876705,9.828525e-05,-0.07474524,0.18328702,0.07038474,-0.311183,0.08267668,-0.40006286,0.021335648,-0.3107386,0.015185755,-0.7842077,-0.036656074,3.256889,0.08831656,1.3015602,0.026681483,-0.15643345,-0.090455845,-0.83892816,0.059749234,-0.8172185,-0.011624571,-0.3920157,-0.025156436,-0.7156808,0.06470505,0.19845892,0.02046737,0.5025072,-0.051158898,-2.2163959,0.06594535,1.5569562,0.057858203,0.60087264,0.050810423,0.92849326,0.03866919,-2.095834,-0.012435811,0.25870606,-0.0049939193,3.3397171,0.021625936,2.8388953,-0.04057344,-0.8016624,-0.0055352524,0.27333653,-0.0177536,0.83525723,0.0027155736,-1.5392277,-0.04474462,-2.9285846,-0.047521256,1.5425869,-0.043817535,1.1486269,0.031228846,-2.0921156,-0.02331062,1.1499034,-0.040470287,0.044249836,-0.004501324,-0.035539832,0.00960258,-0.56068933,0.004050065,-0.5459791,0.014939722,0.54437625,-0.017106185,-0.9188863,0.004004799,1.788669,-0.029998325,-0.62714577,0.010154575,-1.0514265,-0.056372162,-0.1667437,-0.020747386,0.48934987,0.01904989,1.6806237,-0.026017953,-0.7300749,0.01835145,-1.2731552,0.002435702,-0.22527404,-0.04503252,1.3681358,-0.010587057
SOGSOUE12A58A76443,other,en,-0.066370495,-0.01417782,-1.1077459,-0.05962731,-0.34197524,0.00046257675,-1.1347979,-0.039665714,-0.60962975,-0.009088547,-1.2939847,-0.04582374,-1.4682178,-0.03139714,0.3938607,0.026104126,0.43402424,-0.019484594,-1.381825,-0.021702658,0.35168108,-0.013153214,0.0660861,-0.020430105,-1.0233321,-0.017001458,-0.47982338,-0.027180374,2.0061545,-0.01060796,-1.152394,-0.031729374,-0.64792484,-0.02159993,-0.25651634,-0.004491739,-0.17961736,-0.0064680055,-0.30012858,0.021719227,-1.5317467,-0.014670227,-1.3732828,-0.01284836,-1.1680962,-0.038875297,0.15949088,0.02692933,1.7865008,-0.005924655,0.5384554,0.021216283,-1.1316876,0.015804607,-1.1613048,-0.1291648,-0.03535368,0.060443908,-0.13704892,-0.06689566,-0.17307799,0.0547084,0.12574716,0.06992435,-0.13057831,0.004355775,0.21739563,0.003001675,-0.1505215,-0.05662329,0.22503722,0.094064176,-0.37617308,0.014905352,0.04161815,-0.09097558,0.059876457,0.06369151,-0.3085499,-0.01178344,-0.48785532,-0.021129817,0.6335382,0.062393557,-0.7642382,0.03043342,0.67771506,-0.044516146,0.562672,0.066834226,0.17390493,0.050284326,0.5277139,0.042950705,0.20038581,0.028021878,-0.25475946,-0.015376929,0.17426257,-0.014376012,0.29907936,0.02361707,-0.9207602,-0.05069757,0.39883196,0.0038573425,-0.30951422,-0.023942562,-1.2520317,-0.0018327795,-0.0006281851,-0.05508546,0.38436803,-0.043839287,-0.82089734,-0.05180326,0.82679975,0.027272886,-0.60415995,-0.019759048,-1.2779863,-0.04914296,-0.19473802,-0.016719155,-0.090321235,0.00972838,-1.0334738,-0.008761335,-0.7555761,0.025871886,-1.6108079,-0.024487462,0.81740963,0.006879514,-0.31148994,-0.02916231,0.20397753,0.006301839,0.14360785,-0.059795488,-1.9962265,-0.026428845,0.28193656,0.031485356,-0.3391841,-0.029898208,-1.1130254,0.019934643,-0.69446737,0.0039986125,-0.5966126,-0.038256634,1.0461599,-0.015122328
SOVVDCO12AB0187AF7,other,en,-0.6761113,-0.008849427,-0.36803362,-0.039359584,0.3703014,0.005195137,-0.5174489,-0.026100917,0.14405382,-0.0026564067,0.6489035,-0.039750483,0.9078412,-0.014186509,-0.19768211,0.021424454,0.5165939,-0.011631703,0.40879157,-0.015678354,-0.08496195,0.006133002,-0.3308116,-0.03324493,-0.15495253,-0.008296815,-0.5916488,-0.036255874,-0.31395313,-0.0053877365,-1.3785659,-0.024500392,0.4784779,-0.0045670085,-0.11915764,0.0025381623,-0.46564776,-0.0063120215,-0.014895823,0.021011963,1.0561774,-0.014678951,-0.41194022,-0.0034600515,1.288317,-0.023798892,2.034481,0.024449479,1.3823403,0.0054695196,-0.7418026,0.017057547,0.4546456,0.013687786,0.37309,-0.10662925,-0.45248696,0.054440334,0.7892521,-0.07060066,0.65913284,0.055939563,1.0397869,0.049126893,-0.4153282,0.033143,-0.95627266,-0.0048797876,0.24038123,-0.071873255,-1.2207422,0.066429034,0.7395013,0.011425506,-0.597419,-0.091413796,1.4611973,0.046010442,-0.5786127,-0.0053920485,-1.0420283,-0.02656919,-0.03256733,0.059518956,0.013963591,0.027964085,-1.1221821,-0.048232406,-1.0810955,0.074879676,1.0380133,0.068311475,-1.2641546,0.039727632,-0.15959053,0.04448349,1.7784542,0.004402416,-0.6305582,-0.015505213,-0.4810668,0.024362221,1.2549728,-0.05171936,0.74116665,0.002073831,1.5406663,-0.024704343,0.14540946,-0.008379581,0.44058508,-0.03367536,-0.3139251,-0.048542235,1.3637655,-0.05269744,0.015485767,0.039286684,-0.49028277,-0.021327153,-0.52834374,-0.040535573,-1.1545413,-0.020819912,-0.96388763,-0.0068741124,-0.0841754,-0.013093442,-0.787897,0.022092542,-0.5274486,-0.02524548,-0.7891302,0.012182517,-0.71841747,-0.036726322,2.3894172,0.02558101,1.4309487,-0.057027474,-0.5228498,-0.03976211,-1.6022955,0.024819976,0.18342462,-0.012751222,0.33137444,0.023708206,-0.37462056,0.0066805026,1.2727045,-0.033971615,-0.98012257,-0.019256376
SOKSZVC12A8C142004,other,en,1.5121095,-0.00094623305,1.1252502,-0.048220977,0.15202308,-0.00076838955,1.4050298,-0.026720135,1.1901306,-0.017671619,2.245031,-0.041231517,1.1063108,-0.035563067,-0.97596526,0.022076223,0.51657677,-0.017882906,-1.6179358,-0.019299705,0.824981,-0.022537258,0.472679,-0.01997376,1.8573303,-0.029607622,-2.0283723,-0.037729464,2.0011888,-0.009185884,-0.47403726,-0.026170056,1.8920438,-0.002279237,-1.3249501,-0.006693052,1.5578489,-0.004459768,3.52914,0.01445649,2.0496583,-0.022248331,1.7365892,0.0030423142,1.2349824,-0.039466932,0.36396337,0.03166014,0.97484654,-0.0029317345,1.6838491,0.018701702,0.94616365,0.019907262,0.95215195,-0.12325351,4.000161,0.046636887,-0.91643214,-0.046526987,2.418603,0.04554832,-0.45709735,0.07093047,0.08751791,0.017921576,0.7529805,0.0151213,0.27582502,-0.061098926,-0.84860635,0.093832105,-0.6924885,0.04558057,0.1585657,-0.087700054,-0.3682692,0.057017107,0.2829563,0.00579039,-0.062002037,-0.02179849,0.0057919505,0.06268554,0.24330367,0.037421502,0.17498598,-0.044902734,0.4292509,0.07248695,0.10636605,0.040917482,-1.1567532,0.034377668,0.06442911,0.04439365,0.68193525,-0.010073859,-0.09089814,-0.032455582,-0.3221062,0.0123757655,-0.88263726,-0.04615163,0.31037578,0.005611865,-0.08722456,-0.018249558,-0.08566544,-0.025639243,-0.09212178,-0.04274726,0.5647929,-0.037199315,0.35867473,-0.053560197,-0.41497806,0.042032164,-0.00032942835,-0.017647725,-0.26444986,-0.044473108,-0.57379365,-0.01083155,-1.0209827,-0.00018106401,0.26658344,0.002346281,-0.3917694,0.010341279,0.38801548,-0.022044245,0.73101455,0.015556222,-0.70981324,-0.033071347,0.9376894,0.02192402,0.41133788,-0.06084774,-0.8702362,-0.042473167,-0.24361548,0.021480186,-0.38813707,-0.025774095,-0.8373673,0.017180666,0.43014055,0.0032872688,0.90138113,-0.05427805,-0.8061622,-0.025876801
SORWTIF12A6D4FAA41,other,en,-0.99085945,-0.018145392,1.0038435,-0.06923913,0.19047381,-0.0022846833,0.97172636,-0.054358043,1.0962979,-0.0070737577,0.5644603,-0.04468925,1.0054829,-0.041289434,-0.47426626,0.031398654,-0.099438,-0.023554772,0.13151604,-0.01365684,1.7873902,-0.020134877,-0.17969984,-0.026429277,0.6341002,-0.015788574,0.5315367,-0.02876778,-0.022077752,-0.008305948,1.1390208,-0.034019936,0.49743515,-0.022889871,-1.796947,-0.007858994,-0.08639403,-0.012757959,-0.40527984,0.024047574,-0.39809144,-0.030686881,0.53192765,-0.0144172255,-0.71877116,-0.03869501,-0.9664001,0.029737834,-0.18648407,-0.008202324,-0.76702636,0.026365709,0.5910979,0.029669445,-0.37084636,-0.15726607,-0.08667117,0.0616962,2.7546892,-0.061846226,-0.09493105,0.06293994,-1.7493478,0.082011,-0.7399713,0.021601887,0.07078701,-0.0018619038,-0.3225389,-0.08011216,-0.35101315,0.107501835,-0.3472628,0.02685301,-0.04904944,-0.0986729,-0.4550658,0.08343736,0.06573908,-0.021741994,-0.31113875,-0.027395379,-0.22700588,0.058591824,-0.04279632,0.037478883,-1.2123709,-0.04848688,-0.7782748,0.06910758,-0.06394951,0.036325738,0.42713466,0.040334668,-0.4367846,0.040400766,1.1911256,-0.005122656,0.34031242,3.1042844e-05,0.07882949,0.028337829,-0.6362858,-0.06323907,-1.548005,-0.0044330526,-0.8656663,-0.026394187,-0.6763893,0.00901222,-0.9739378,-0.038492464,-0.33790326,-0.040366635,0.34904677,-0.046032894,-0.20705709,0.03208947,-0.44190326,-0.012546979,-0.08714208,-0.05042925,-0.9665497,-0.008078286,-0.62217855,0.0071707405,0.43058288,-0.0011304431,-0.33488408,0.016103515,-0.7218816,-0.028729476,-1.6477342,0.01672559,0.71799296,-0.035473377,0.6157413,0.013588794,-0.10727216,-0.059822336,0.29592672,-0.022415582,0.88829,0.027713547,0.585242,-0.040620588,-0.029571578,0.014048211,-0.39069647,0.005201938,-0.27402964,-0.047487326,-0.2684577,-0.013763173
SOZQSGL12AF72A9145,other,en,-0.85102844,-0.02164076,1.149088,-0.067505516,-0.19075127,-0.011135183,1.4471099,-0.042517155,1.6135315,-0.0051844805,0.52499497,-0.040405575,0.8175026,-0.046162166,1.2080076,0.03290221,0.37384233,-0.017291412,0.074802466,-0.017195808,0.14120695,-0.019770715,-1.8248065,-0.01837074,-0.13602002,-0.021086525,-0.055804156,-0.031742528,0.752107,-0.011212267,0.124815166,-0.032252353,0.6791377,-0.028513864,1.0238593,-0.0058747027,1.2904005,-0.0059036417,-0.15198204,0.017314747,0.691423,-0.031158593,0.599029,-0.008087942,0.36396116,-0.03941434,-0.13047336,0.027869608,1.3868258,-0.0036979225,-0.23573914,0.019688142,0.4400137,0.014159314,0.0049833125,-0.1358188,0.54251224,0.054979242,-0.10088944,-0.07409261,-0.9937778,0.06726532,-0.20709528,0.078869954,-0.4484974,0.0059151035,-1.7791758,0.008323904,-0.99233294,-0.07237739,4.4541306,0.08927105,2.8895445,0.028345056,-1.0155513,-0.0883354,-1.3239274,0.062332425,-1.3861899,-0.027087204,-0.88194174,-0.020186767,-0.16347215,0.060615793,0.19179817,0.028693616,-0.43016776,-0.055116586,0.59874415,0.063128725,0.3810014,0.045647606,-0.1743716,0.040294874,0.023780402,0.03459868,-0.12313173,-0.01194814,-0.6062813,0.00060965307,-1.257646,0.030266944,-0.67753184,-0.048927307,-1.8074671,-0.013908297,0.71019554,-0.025077598,0.41068414,0.0015075319,0.4351827,-0.04571233,-0.3557291,-0.03729898,-0.1945049,-0.04953397,0.1942164,0.026708318,-0.5754358,-0.016284585,0.8632887,-0.041680392,-0.3508553,-0.0110519305,-0.70683897,0.012273289,-0.14758913,-0.004900515,0.7252474,0.02084938,1.2575204,-0.021032255,-0.7490642,0.0040422734,0.74041164,-0.02617299,-0.7999645,0.0049284063,0.48473233,-0.057588976,0.10648421,-0.027735285,1.5103693,0.020286728,-0.6023596,-0.036589704,-0.5908686,0.01356807,-0.0020212557,0.0036144564,0.25966,-0.034474906,-1.5204462,-0.0059486516
SOKRHNY12AB01837DB,other,en,-1.0199219,-0.018126978,-0.6287716,-0.05923549,0.67228043,-0.0026109144,-0.6008186,-0.038772687,-0.42096522,-0.004288946,-0.3049188,-0.041173063,-1.0789193,-0.033140622,-0.21648449,0.02459924,-0.5037312,-0.018086001,-1.1952227,-0.016162291,-0.97600514,-0.012515951,-0.599237,-0.025769275,0.59731,-0.012579514,-0.45791233,-0.030365393,-0.94671273,-0.008455838,0.03718581,-0.027401727,-0.1876402,-0.015488479,0.1512622,-0.0043017995,-0.33453283,-0.008253384,0.52875024,0.021082021,-0.8459323,-0.021694172,0.06629846,-0.011922138,-0.102353215,-0.035824325,-0.05277235,0.026047682,-0.90781724,-0.003665967,0.122068614,0.0200569,-0.07423658,0.022081312,-1.0351194,-0.135874,-0.14212479,0.058426477,-0.13788138,-0.06623674,0.14454946,0.05673501,0.43371087,0.06536931,-0.27798495,0.023943653,0.22485614,0.003356535,0.14036451,-0.06722605,-0.14758147,0.0894341,0.2292284,0.019710217,-0.88564116,-0.09460189,0.7374073,0.06508518,-0.58583665,-0.013183311,0.43924358,-0.028667677,-0.42078412,0.061723974,-0.12375136,0.032394316,-0.21927571,-0.045591988,0.64301014,0.06791402,0.2915488,0.054660223,0.6531262,0.04591995,-1.1743776,0.0401626,-0.3510175,-0.0062099677,1.4720253,-0.010477379,0.72461075,0.02324578,-0.1377385,-0.05058627,0.2915852,-0.0026454031,0.62639433,-0.02473638,-0.7829662,0.0013542166,0.15716091,-0.038431443,1.4522984,-0.046445202,1.1093293,-0.048047982,0.37173733,0.03398351,0.28722188,-0.017775193,0.061524138,-0.042861026,-0.6101775,-0.0102604665,-0.011166327,0.003071092,-0.29519486,-0.0050237104,0.5962241,0.021903478,-0.1291682,-0.02356815,0.031590614,0.008321272,-0.080823295,-0.03325237,-0.6654104,0.013872102,-0.55037713,-0.058044776,-1.0328668,-0.027311845,0.25889444,0.027256832,0.47020167,-0.02877938,0.43992594,0.020780224,0.15014629,0.008940344,-0.97970414,-0.038114447,0.0142149525,-0.014968362
SOBTEHX12A6D4FBF18,other,en,0.999434,-0.028487982,1.0672263,-0.06413384,-0.1722293,-0.01161338,1.3125067,-0.03409466,2.0866632,-0.014159529,1.0931424,-0.040921353,1.2617325,-0.04720793,0.34921792,0.024951734,0.629443,-0.020526413,-0.1857706,-0.010398677,0.98392963,-0.020771902,-1.0622009,-0.019529719,0.24627781,-0.031214109,-0.8272138,-0.03621999,0.47300017,-0.0025954368,0.30769306,-0.029971149,0.2777974,-0.0155774765,0.17868847,-0.009868446,1.4121635,-0.00026407652,1.22027,0.015567158,1.1280427,-0.024361935,1.657401,-0.007395597,-0.2530662,-0.044079565,0.57331216,0.032233838,0.2592519,-0.015395211,1.0979564,0.020188253,0.40496913,0.028216828,0.66775775,-0.14096193,2.906551,0.05731249,-0.6139933,-0.06836335,1.3767875,0.056109767,-0.46622917,0.087073,-0.58008486,0.027336923,0.09170242,0.026175536,-0.21941508,-0.0509314,0.56303036,0.09500289,0.25374073,0.046861593,0.58812875,-0.09134771,0.3060175,0.06155854,0.7989448,-0.015046947,-0.24464063,-0.021454247,0.20635405,0.06333143,-0.14499351,0.02488549,1.0008678,-0.05201526,-1.2532184,0.07019557,0.04330318,0.043988314,1.7196672,0.055729937,0.048050858,0.0480929,-1.4814715,-0.013093073,-0.4935088,-0.018394541,1.1943716,0.019092843,2.7197456,-0.033253722,-0.7314744,-0.0086474605,-0.25416964,-0.012653643,0.060968217,-0.009439084,-0.4855349,-0.052943565,-0.08311273,-0.04578507,1.2123208,-0.044704206,1.0970594,0.032693364,-2.502528,-0.016637705,-1.4611887,-0.04801583,-1.5078524,-0.0059309546,1.0954232,0.0060697384,0.53580886,0.017127138,-0.4192276,0.015273493,-1.5897964,-0.020559283,0.76117945,0.007943278,-0.8074105,-0.02094933,-0.53236854,0.002513282,-1.6982857,-0.055862777,2.1372123,-0.035171457,-1.3396577,0.019417109,1.7344842,-0.029509995,1.8348209,0.015463707,0.5353726,0.004211069,-0.68034714,-0.04432611,1.8181719,-0.017812615
SOXGDVW12AB01864E7,hip hop,en,0.6744368,-0.049537644,1.1012275,0.40253294,3.0749834,-0.16902396,1.3094748,0.12820755,1.0811698,0.49532065,0.9287154,0.5640744,-0.6116635,0.73079836,0.0916134,-0.38361597,-1.2695256,0.043800708,-0.7106054,0.17166585,-0.87802005,0.4690231,-1.8490866,0.16384922,-1.4499314,0.17827354,-1.4677715,0.6599884,-0.29286334,0.41834378,0.22065578,-0.0020076074,0.78888345,0.577616,-0.09786545,0.5393425,-0.47054204,0.18878813,1.17442,-0.10523533,-0.4233781,0.51701254,0.98134357,0.8336624,-0.2753622,0.24071735,-0.4829319,-0.8539116,0.8339571,0.51872134,-1.6077585,-0.1333393,2.3231459,0.21917967,0.72188735,-0.21039666,1.2373577,0.01034271,0.78751534,2.4415748,0.28783134,-0.13718937,-0.8290956,-1.6470146,-0.25664762,-0.76530045,0.30385107,-0.057847526,0.14327441,-0.42715594,-0.78123665,-0.6002755,-0.57992125,0.02069769,0.27858362,-0.15934189,-0.32748526,0.18249655,0.2007601,-0.047339186,-0.9506618,-0.19507527,0.37771824,0.024624687,-0.19563115,0.019338064,-1.8668233,-0.20810293,-0.067987666,-0.1801638,-0.025720298,0.08391326,-0.1029032,-0.02206731,-0.2741239,-0.005696469,-0.5565587,0.2552406,0.85357,-0.008021599,1.0343183,-0.24305083,-0.10918695,-0.23652004,-0.52805924,-0.33030573,-0.6307586,-0.17050038,0.105014615,-0.13313006,-0.21935458,-0.13294403,-0.9399083,0.051981885,0.5679575,0.10990997,-2.636983,0.076634414,0.9744337,-0.039017506,-0.90226233,0.15764214,0.0533455,0.061026108,-0.5814711,-0.17181143,1.7634805,0.039146934,2.255544,-0.09168382,-2.6126473,0.21726,-1.0248097,-0.10667479,0.016651137,-0.14198968,0.62227,0.1611595,1.0615067,-0.114612184,-2.027473,0.22407548,-0.7339318,-0.09923941,-1.1909488,0.03292447,-1.0342897,-0.094645835,-0.060766328,-0.12875044,0.25002474,-0.15554775,-1.6200875,-0.2894117
SOKMPKV12A67AE241B,other,en,-1.0767051,-0.019633302,1.1838285,-0.07295042,0.40734535,-0.0012352541,1.4149934,-0.050545134,1.5810732,-0.014042619,1.1405127,-0.051343117,0.86999285,-0.047383606,-0.1815966,0.039805025,-0.094210394,-0.021208841,-0.48042214,-0.016933432,0.7955017,-0.018848587,-0.86413276,-0.022871803,-0.4604889,-0.019798025,-1.2663009,-0.024202086,0.23144735,-0.009342991,1.1051056,-0.039935585,-0.39194405,-0.037461624,-0.11686556,-0.0058141025,0.84259367,-0.01091926,0.11105415,0.022831941,0.80241674,-0.020310711,0.53327006,-0.014172187,-0.60467345,-0.037363604,-0.011936034,0.021558762,1.0130197,-0.0069921184,-0.6073868,0.02106601,-0.1945534,0.024950702,1.5765524,-0.15961653,3.9036262,0.06590079,-0.8563391,-0.057814855,1.7505141,0.08136828,-0.60361695,0.08838491,-0.4390371,0.0059924927,-0.23603618,0.0009962097,-0.15362863,-0.054122392,1.248946,0.1072814,0.9336734,0.0269414,-0.26294926,-0.113835774,-1.4644274,0.07663877,-0.65905434,-0.02039957,-0.39028147,-0.014112104,-0.13381884,0.06763109,0.002654556,0.02553137,0.04873806,-0.053352535,-1.0950757,0.07088404,0.8156708,0.045487598,0.19299169,0.051017176,-0.50948507,0.037904568,-0.95212966,-0.019609394,-0.03890486,0.0033806004,0.79402804,0.03183525,0.5990409,-0.05338554,0.46752122,-0.0006056912,-1.1399148,-0.029705668,0.43249035,5.992409e-05,-1.4255587,-0.05104628,0.28879485,-0.04408636,-0.22575673,-0.04298163,0.7686156,0.030484414,-1.6487118,-0.024985578,0.11996546,-0.050164793,-1.6243013,-0.007228026,-0.4979651,0.018584825,0.6063597,-0.006459698,0.08089082,0.017654859,0.10184814,-0.027604116,0.81488484,0.010383962,0.36122653,-0.038059864,0.73659563,0.011408851,-0.221591,-0.05583374,0.40108007,-0.023835087,-0.07382478,0.024975087,-1.8512259,-0.03361377,-0.92394423,0.012595454,-0.33120438,0.0022934228,-0.031103387,-0.050749827,-0.3957466,-0.019664597
SOMVPGP12AB01881FF,other,en,-1.2203616,-0.013597848,-1.6281132,-0.055255182,-0.07563351,0.0044039935,-1.6475352,-0.037595943,-2.1705818,-0.017390192,-1.2253693,-0.033829425,-1.8229088,-0.024361629,-2.2647579,0.030258723,-1.9695894,-0.020205565,-1.3012733,-0.01931291,-1.2392004,-0.011142328,-1.2123069,-0.024669182,-0.3551253,-0.022128701,-0.23354247,-0.029096073,-1.4760822,-0.01337772,2.158483,-0.021619953,-0.9518258,-0.005085122,-0.5639857,-0.0038748262,0.2740798,-0.008298882,0.09677237,0.016919807,-0.53177965,-0.020987637,-1.2351464,-0.0045257267,1.7596412,-0.034496687,-2.4873068,0.027608868,-1.307542,-0.007804448,-0.86191636,0.022318281,-1.8337057,0.01706098,-0.53565663,-0.12664387,-0.4190233,0.062063992,0.66015375,-0.065870024,0.5722983,0.04716001,0.9595901,0.06828846,-0.4426648,0.04275368,0.51345825,0.024803981,0.056085434,-0.054214384,0.1497373,0.08385402,-0.39982697,0.038447753,-0.18475214,-0.0871096,2.5220783,0.064561285,-0.8602834,-0.0027489886,-0.74508995,-0.028234977,-0.10047816,0.061293416,0.16058715,0.028634287,-0.96767026,-0.037937276,-2.5919049,0.072334275,3.362162,0.051182613,-1.5911887,0.044976164,1.4559592,0.038452223,0.14151005,-0.006949803,-2.7893624,-0.0249321,-0.78977954,0.017043445,1.1542729,-0.04705639,-0.06701584,-0.0019720625,1.3486683,-0.014779789,2.6382058,-0.00053466205,-0.5179818,-0.04591423,-0.81428885,-0.04386604,-0.046284717,-0.06741266,0.97336787,0.033383872,2.4817314,-0.008532322,2.523194,-0.051631596,-2.2238514,-0.0031157825,2.672651,0.0034747198,0.38914555,0.0031650662,1.0135673,0.014432833,1.066092,-0.023172062,2.2238188,0.007948173,-0.22797091,-0.030225694,0.1280563,0.02155733,0.24066263,-0.06532048,-0.3313576,-0.029606467,-0.7242661,0.025003985,0.9595519,-0.01543273,-0.9267003,0.023684498,0.6536777,0.011881038,-0.7166207,-0.04674192,1.1895043,-0.01685049
SOGXENE12AB01854EB,other,en,-0.64941835,-0.005357135,1.3250077,-0.061061665,-0.9175643,0.006159477,1.168693,-0.044833817,0.10790856,-0.009811658,0.70208067,-0.033547703,1.1134644,-0.016035143,-0.59004223,0.012608863,-0.48154685,-0.0010035699,-0.25661695,-0.0027951556,1.6841974,-0.0045331866,-0.7358706,-0.022008238,0.6488917,-0.017611435,-0.026031593,-0.01725258,0.06927015,-0.013014439,0.36013207,-0.009173125,0.85224164,-0.0038705356,0.42516387,-0.0100606745,-0.33651954,-0.012403581,-0.16516674,0.014377097,0.48559132,-0.028033178,0.06597858,0.004839182,-0.8989361,-0.037872307,0.2053722,0.032912403,-0.47463155,0.0060904846,1.6111599,0.023508575,-0.26817626,0.025814105,0.1904852,-0.16157773,0.7083856,0.060912333,-0.3819908,-0.053062968,-0.3808631,0.056818716,-0.10365362,0.06895171,-0.0644582,0.071043365,-0.75451624,0.009439733,-0.10972982,-0.053541902,0.767946,0.07363267,1.1868242,0.0405668,0.18745106,-0.077099964,-0.3424966,0.06807844,-1.3768593,-0.018495709,1.2185948,-0.03082972,1.7651064,0.047786813,0.35533577,0.03028914,-0.14917201,-0.04799152,-0.56513876,0.08608145,1.1851231,0.042395372,-0.17200598,0.031134013,-0.26572728,0.049691126,0.32120416,-0.0016433084,0.08066316,-0.0046784896,0.30573392,0.022179268,-0.08922835,-0.05847218,0.18728438,-0.021779843,-0.7056678,-0.01989741,-0.12749173,0.0031411322,-0.41285503,-0.049124062,-0.4013164,-0.03754092,0.18614815,-0.05117058,0.93540436,0.047512826,1.6183531,-0.017145082,2.3948474,-0.045363005,-0.4486908,-9.3363225e-05,1.3711036,-0.002929952,1.0575335,0.013197657,0.23961723,0.003220372,-0.3768311,-0.010404666,1.678541,0.008925756,0.5207267,-0.050728735,-0.32761562,0.023206199,1.418552,-0.07096,0.09172334,-0.021098562,0.027379418,0.012757761,0.10207451,-0.02647001,-0.5524428,0.01844351,0.038036283,-0.0044192513,0.361205,-0.06555675,-1.010148,-0.014487667
SOBHQIJ12A6D4FC7D3,hip hop,en,0.36531273,-0.083885655,0.7139088,0.3889175,1.3960454,-0.14970809,0.22271623,0.13413799,1.6873741,0.47210428,1.3706124,0.52347594,1.6092824,0.7099125,-0.3155111,-0.3624869,0.99813265,0.016065136,1.2990677,0.14490022,1.8930761,0.455338,1.1564732,0.21123776,0.7862601,0.18188828,0.97077537,0.628141,1.2896571,0.40833807,-0.39047152,-0.0040071383,1.596005,0.5396204,0.8934771,0.50834614,1.5072757,0.18320318,-0.35625622,-0.099091865,1.3647598,0.4811498,1.8478917,0.7961525,0.417392,0.18189201,0.013908048,-0.7880702,0.59667236,0.49157527,0.27741933,-0.123523906,-0.41380322,0.1709721,-0.1609477,-0.29819307,-0.32540596,0.03078353,2.6074276,2.2841287,0.38387907,-0.07422442,-0.5715081,-1.4816891,0.11816884,-0.673898,-0.14284621,-0.06368949,-0.08847799,-0.42545682,-0.6594831,-0.5147693,-0.21414678,-0.0050885063,0.4117223,-0.078523785,-0.059851125,0.1653212,0.6111536,-0.07658361,-1.173299,-0.15842326,0.044983264,0.009221252,0.9641821,0.011781653,-2.6439035,-0.1690152,-1.040365,-0.17032541,0.10886282,0.08916046,0.011795742,-0.03815925,-2.092955,-0.0410788,0.12017402,0.20964937,0.7272829,0.02844922,0.48511645,-0.20437029,-1.6306009,-0.21251824,-2.3775156,-0.28425363,-1.7880337,-0.23609139,-1.8052391,-0.15682457,-0.71711445,-0.0973908,0.3152181,0.08199291,-0.1747979,0.12768887,-0.6672546,0.083893165,0.17954087,-0.067184284,-0.1146487,0.12086865,0.030690536,0.08517045,-0.20298427,-0.13932578,0.67275405,0.056976665,-0.4806667,-0.007933605,-1.3542705,0.19333875,-0.31498682,-0.091208905,-0.08954861,-0.18974169,3.9274356,0.142304,0.7953776,-0.11929642,-1.1616982,0.25494492,-0.8724018,-0.04906764,-1.0797828,-0.006444305,0.6738228,-0.12175733,-2.7501504,-0.07149609,0.40319306,-0.089126125,0.53962666,-0.23645803
SODENZR12AAF3B13B9,other,en,-0.5058189,-0.01697184,-2.8030047,-0.066742845,-0.8235474,-0.0073680356,-2.0350153,-0.04172162,-2.234943,-0.02115385,-1.3067555,-0.04012607,-1.7824345,-0.033483304,2.776062,0.040058814,-2.519031,-0.018954415,0.45783886,-0.020595118,-0.8000709,-0.018105421,3.7436137,-0.023197576,-1.9067171,-0.021767892,0.6003165,-0.024593018,-2.4937124,-0.010071595,-5.5903993,-0.03307772,2.2026472,-0.012607466,-1.0613273,-0.009185336,-1.6449183,-0.012931545,-0.43840063,0.023054823,-2.5591886,-0.021699548,-1.2120982,-0.010083104,-2.8715923,-0.033325944,1.6323677,0.024799721,-2.6939607,-0.014395425,-1.9132992,0.019506313,-1.3514656,0.025138315,-0.87197906,-0.14115502,-0.48804107,0.068136215,0.33541158,-0.06933716,1.0889341,0.05693488,1.4410759,0.08874278,-0.62196857,0.035707034,-0.361864,0.02040165,0.020406092,-0.056972638,-0.2932225,0.09977281,0.29814053,0.049048256,-1.1732427,-0.09997333,1.4083953,0.077910885,-0.7217071,-0.010987442,-0.8926844,-0.020204285,0.10447223,0.0651255,-0.24741468,0.035299573,-0.21084812,-0.04940743,0.2674435,0.07677153,0.83808184,0.04610021,-0.2670267,0.049708106,0.2568841,0.045453764,0.7783943,-0.00876946,-0.089097954,-0.01855021,-1.0617604,0.019496687,1.6318163,-0.046134796,2.6746385,-0.006223876,2.0082521,-0.02222365,0.0031887195,-0.0041121934,0.58581007,-0.05048823,-0.12640922,-0.042280924,0.14147674,-0.07169306,0.5843574,0.037863493,-1.5331109,-0.011720258,1.3624078,-0.060480107,-0.6327301,-0.0018303394,-0.16787708,0.004309889,0.745148,0.010823939,0.49938908,0.01389721,0.2808098,-0.026978761,-2.9344687,0.0105113555,-0.2931968,-0.03509151,1.818153,0.020716665,0.70006937,-0.06812316,1.6721314,-0.032948658,-0.8325243,0.018545914,-0.43687686,-0.023007218,0.35423246,0.02071516,0.7056346,0.01187262,-0.9815804,-0.0531494,-1.0092329,-0.019657088
SOEKSGJ12A67AE227E,other,en,-0.5027928,-0.0024858732,0.81868446,-0.056997605,-0.26155692,0.0002531372,0.6247998,-0.03539317,-0.73800796,-0.0065051303,0.19790086,-0.047083303,0.3555726,-0.036757365,0.7610286,0.028573945,-1.1219095,-0.017565027,0.40272012,-0.008277234,-0.28787193,-0.016987368,0.35632816,-0.016525194,0.3622759,-0.024559313,-0.75694495,-0.029930858,-0.56630915,-0.013654657,0.6812079,-0.021253467,-0.40397963,-0.03250532,0.19910069,0.0029356824,-0.99193585,-0.011885977,0.47758132,0.015943231,2.4032145,-0.023076952,0.04919129,-0.01055404,0.1966661,-0.028115626,-0.016637946,0.026642486,-0.5832985,0.00169852,-0.72871876,0.018016174,0.6241631,0.023771554,1.1320907,-0.14069536,2.3947833,0.057292737,-0.27539566,-0.07748613,0.25569516,0.06949076,-0.5453558,0.083054006,-0.84363395,0.031921364,-1.0022013,0.013008419,-0.64002794,-0.018593492,0.29025552,0.0879557,0.9005912,0.027544968,0.78702843,-0.09694951,2.136867,0.056393307,2.578079,-0.016929828,0.2870221,-0.024388677,0.04070281,0.0609914,-0.15580474,0.022819418,1.6378877,-0.052637406,-1.5860018,0.07491143,-0.4773054,0.06643999,3.1856325,0.03696086,-0.40888667,0.03833489,-0.7270384,-0.01168498,0.13968867,-0.0012993924,-1.7936507,0.020827185,0.96190965,-0.04291439,-0.6228079,-0.0050528087,1.8055174,-0.03440465,0.09178499,0.0016573183,0.8754868,-0.047586817,-0.30453277,-0.05134747,0.23099074,-0.05342254,-0.71294236,0.04232642,1.2100571,-0.0353479,-0.760843,-0.04125776,0.545598,-0.012634564,1.1586461,0.013544589,0.049363103,0.004547816,0.51561177,0.021619635,-0.66914564,-0.007800076,0.07417974,0.0066746976,-1.5260015,-0.032935105,-0.3458578,0.021321174,-0.4507465,-0.06253835,0.57180715,-0.014102027,0.67164654,0.017116528,1.3846805,-0.034486786,1.7145271,0.014023669,-0.52029526,-0.0021087062,0.06409509,-0.05348668,1.2398198,-0.011748632
SOVPBXO12AB0188671,other,en,-0.94595253,-0.0062858816,0.6131985,-0.057055928,3.4796538,-0.0069956295,0.66504806,-0.031316586,0.73176134,-0.0023906515,-0.22495635,-0.048858866,-0.32980022,-0.038688645,-0.05873237,0.024332114,0.12800105,-0.018894058,0.26900494,-0.014973077,-0.27835354,-0.0064576827,0.93089896,-0.03442424,0.45672196,-0.009997025,-0.03605287,-0.029498462,1.2414842,-0.010089764,-0.8179504,-0.04012518,0.02864793,-0.029847935,-2.1367214,0.0036614197,1.3517956,-0.008549193,1.2452986,0.027405022,-0.04595639,-0.021214698,0.38554505,-0.016040491,-0.10471734,-0.027403694,0.7332006,0.019793807,-0.85583705,-0.0064281244,-0.80131906,0.018921472,-0.012784349,0.02447525,-1.0429938,-0.10655916,-0.16828711,0.045034736,0.18475753,-0.07154522,-0.054314736,0.059246305,-0.16858259,0.06250689,-0.21353486,-0.0012102537,1.3075649,-0.013306977,0.70538956,-0.072993845,0.2360073,0.08654402,0.56661606,0.028764147,-1.3485436,-0.09719551,0.72495186,0.056482445,-0.38181525,-0.016085677,1.5814431,-0.025349943,0.46397665,0.053335927,0.23642449,0.03150802,-0.18934757,-0.05353278,0.5799696,0.07119557,-0.042798616,0.04031534,1.3167012,0.025494061,-1.0509342,0.03129209,-0.74831694,-0.007673273,2.3888352,0.0020862613,0.4627038,0.036768142,-0.47737202,-0.0580019,0.8691121,-0.010352785,1.092004,-0.024193114,-0.22574799,-0.0064589856,0.21787556,-0.046581395,2.9891362,-0.04520547,1.5550278,-0.061210215,-0.63850784,0.041769296,-0.24483307,-0.01919318,0.21252578,-0.055443037,-1.0206242,-0.03023766,0.15779436,0.002419304,0.05372059,-0.013218626,1.3434707,0.03554893,0.6299914,-0.029844292,0.34022236,0.0122108925,0.46157005,-0.036658324,-0.78622717,0.022116467,-0.51150477,-0.051634334,-0.8545518,-0.030784013,0.13688141,0.03130559,1.4780132,-0.035704024,0.4224095,0.013903036,-0.46051297,0.002026192,-1.9207745,-0.028276686,0.26576176,-0.0170766
SOAMBCI12AC4685087,other,en,-0.42025882,-0.023337768,0.8829912,-0.06208998,-0.5930775,-0.0010287203,0.98139316,-0.031617194,-0.14433171,-0.0067010936,0.9225974,-0.04475534,0.50458443,-0.040659063,0.13821946,0.025005002,-0.62762994,-0.02007797,-0.27128235,-0.022382358,0.4461673,-0.023588546,0.4548982,-0.020499539,1.4980383,-0.017866744,0.38183945,-0.02803545,-0.062762186,-0.013668979,-0.07176047,-0.036743294,0.5070896,-0.027769014,0.87595356,-0.0072447862,-0.40320984,-0.0044077057,0.2850348,0.022558467,0.8206364,-0.01645847,1.1116109,-0.022236573,-0.23378779,-0.040000156,-1.0143551,0.029394152,-0.0012866007,-0.009756645,0.16646092,0.016090255,0.99431884,0.024172194,-1.3684568,-0.1373559,0.010514518,0.06776933,-0.19153433,-0.075468086,-0.2577607,0.055436544,0.049187664,0.07476419,-0.11768016,0.008301182,0.096075274,0.006388657,-0.27416354,-0.05810076,0.12328124,0.10201436,-0.7789316,0.02480122,-0.16167851,-0.0795408,-0.4978435,0.071298406,0.32533965,-0.017717816,-0.16104113,-0.016073782,0.058120962,0.06322033,-0.05079374,0.033920553,0.23332526,-0.04395941,-0.3328387,0.07032938,-0.46796533,0.049600534,0.09263281,0.05158876,-0.8671216,0.039936908,0.42747295,-0.02226975,0.21602692,-0.022346925,0.6626601,0.013327847,-0.83554274,-0.041788988,0.7532448,0.0026960718,0.13754672,-0.024004547,1.7272761,-0.024385687,0.8825543,-0.06355487,-0.058960337,-0.03484287,1.569571,-0.0643374,-1.1078502,0.033055134,0.27495122,-0.009212318,-0.11787448,-0.060150836,-0.76518154,-0.012863079,1.1286366,0.010541175,-1.4549683,-0.00026909634,-1.3642309,0.022517262,-0.39676914,-0.022898635,-0.46536636,0.015497005,0.34458742,-0.029716512,-0.2098337,-0.0038698055,0.4035442,-0.066132575,1.6278045,-0.041013762,-0.2685068,0.024627455,-1.5067706,-0.03137795,-0.32740116,0.023742411,0.77467334,0.010989909,1.0071474,-0.03844645,-0.18869427,-0.016271053
SOQNRHE12A8AE4849A,other,en,-0.54741424,-0.01849016,-0.040771447,-0.07186969,0.67157704,-0.0076809116,-0.6401323,-0.039572984,-0.2507871,-0.01990328,-0.04232705,-0.047547575,-0.8039814,-0.041704655,0.90774065,0.038227856,-0.031981844,-0.01569653,-0.12998563,-0.021854842,0.16578846,-0.018660456,0.21360634,-0.014376307,-0.87332886,-0.01856728,0.94037473,-0.022787213,-0.31034234,-0.013085781,0.3761284,-0.03091323,-0.92175454,-0.02618954,1.3514687,-0.009115075,0.19679336,-0.011572951,0.5960086,0.017039385,0.20009178,-0.023292456,0.6583874,-0.018600928,-0.2685452,-0.035398558,-1.8572489,0.029659193,0.25441623,-0.0068409983,0.19708364,0.021873165,-0.62723637,0.029437687,-0.9731243,-0.17372924,-0.32558683,0.07341256,0.06406428,-0.07214706,0.5224026,0.0784667,0.91833544,0.10284014,-0.517795,0.04655236,-0.23643076,0.032449514,-0.26305294,-0.035357818,-0.09442908,0.09828426,0.11559232,0.04455893,-0.4658918,-0.10746955,-0.10674127,0.07736597,-0.02862032,-0.012025677,-0.24559127,-0.022386907,0.65943134,0.07193787,-1.2125428,0.026153568,1.2800704,-0.05212804,0.014541363,0.079284675,-0.44529304,0.0515661,-0.47217542,0.05954026,0.2915799,0.05035431,-0.36995426,-0.01558866,-0.12440278,-0.0076971464,0.010896364,0.018717468,-0.9653525,-0.045587596,-0.13708103,-0.008742971,-1.338472,-0.030853061,-0.55669606,-0.0073566968,-0.28536966,-0.046619855,-0.52987516,-0.04258606,0.28001076,-0.056103345,0.26364127,0.035038874,-0.8553591,-0.021640219,-0.5574403,-0.05794694,-0.0620494,0.005295988,-0.5510696,0.011025246,-1.1383383,0.01162624,-0.9336642,0.0021176524,-1.1671526,-0.0105389105,0.47219163,0.008991828,0.02736896,-0.040381193,-1.2078898,0.011929523,2.094638,-0.06783973,-1.8424832,-0.019706883,-0.72254974,0.013334058,-0.6892556,-0.028803028,1.4524077,0.019606445,-0.31529665,0.0060274755,-0.19798699,-0.06206437,0.025568621,-0.016935647
SOZKFHV12A6D4F996F,other,en,-0.6470488,-0.016995134,-0.91482574,-0.05442357,-0.7464115,0.002576854,-1.2983446,-0.036776617,0.50523233,-0.01068214,0.08189666,-0.039003212,-0.21209626,-0.022050027,-0.89709944,0.022434182,-0.559864,-0.01945431,-0.2444637,-0.022113893,0.1277453,-0.009843651,0.35011718,-0.021142866,-0.97101045,-0.019786023,0.52233636,-0.024062436,1.1422058,-0.007967128,-0.026209895,-0.026544694,-0.54626817,-0.011882693,-0.4088457,-0.005348198,0.97432876,-0.006485957,0.44879985,0.019719515,-0.021600878,-0.013639864,-0.009617028,-0.004896166,-0.9261471,-0.04109787,0.33410075,0.026241083,0.14900723,-0.0032247584,1.3762383,0.019150846,-0.4994312,0.01297823,0.9668602,-0.12818085,-0.3613686,0.05921576,-0.59888214,-0.06344885,-1.2360574,0.048477497,0.6430455,0.058719426,-0.5385635,0.012211939,0.7164319,0.010600373,-0.32323626,-0.055086963,-1.0503032,0.08401343,-1.1894531,0.018164616,0.107775025,-0.08270219,-1.2769952,0.06070848,-1.4443395,-0.014636345,-1.3166394,-0.020449402,0.44894016,0.063166685,-0.08586346,0.02571259,1.9392939,-0.040255435,-0.57880765,0.0671057,0.27199212,0.052056618,-0.13086693,0.045087837,-0.06942852,0.03149367,0.17608765,-0.013019064,-2.3728235,-0.022654328,-0.8572318,0.02194086,1.4653897,-0.04930885,-2.1648293,0.0022709183,-0.84111726,-0.016044589,-0.5412537,-0.0012167217,0.7495511,-0.054856125,1.9169573,-0.042948473,0.047396727,-0.05169664,0.45791292,0.02710286,-0.33497384,-0.015414679,1.8423042,-0.046346214,0.20630328,-0.011527758,-1.6591159,0.00958176,-0.8738666,-0.005772464,3.5200276,0.022543382,2.2687275,-0.022592064,0.6252997,0.0067604817,0.6903409,-0.027966712,0.6123821,0.009495765,-1.3015463,-0.059450533,-1.1324834,-0.033414975,1.9735572,0.03138566,-0.25192186,-0.023431506,0.30276,0.022426322,1.481128,0.007050999,1.6681668,-0.0378483,-0.51836085,-0.01789016
SOSRIVF12AB017DF0E,other,en,0.4268349,-0.022660753,-2.3460202,-0.06107583,2.6039615,-0.0007841028,-1.940023,-0.016362654,-0.4864864,-0.004099806,-2.2402444,-0.021329205,-1.2622858,-0.027987696,-0.03297563,0.030435152,-0.56768984,-0.018240454,-0.7021402,-0.026147557,-0.3190074,-0.0021995157,-0.9223689,-0.030052844,-1.4444603,-0.00836971,-1.096383,-0.033313714,-0.28930786,0.0012651123,0.6618705,-0.033845086,-1.1519976,-0.007876635,0.31930047,-0.0047891056,-0.22850761,-0.0009990903,-1.0806888,0.027442452,-1.0490623,-0.019671008,-0.26818752,-0.016483998,-1.606078,-0.02594922,0.7730561,0.025454901,-0.62006843,-0.006597249,0.15460669,0.004557077,-1.5831221,0.03291658,-0.40903217,-0.110000715,-1.0483536,0.05766029,0.71695846,-0.074635446,2.2347236,0.05778982,2.6726034,0.04420767,-1.4298278,0.029266907,-0.9359582,-0.01765355,-0.25832668,-0.113019526,-0.77390534,0.08818078,0.77019584,0.017771035,-0.18969837,-0.084245116,-0.39212966,0.057164397,0.19887733,-0.037587024,-1.1633351,-0.005264093,0.40846902,0.06588377,0.2920265,0.04227734,1.7056515,-0.040845253,-0.2882587,0.07924564,-0.49570805,0.036356203,-0.05128147,0.038179975,0.37295195,0.0506052,-0.23340096,-0.01101814,-0.1770891,-0.037184063,0.13164175,0.020100808,-1.4257824,-0.04002282,-0.91820484,-0.009452013,-0.8312668,-0.018032478,0.3169241,-0.030430097,0.20040722,-0.04846946,-0.32915235,-0.021899477,-0.007968006,-0.07951199,-1.2251402,0.036692448,0.22733769,-0.003010544,-0.118201524,-0.06798951,0.6808213,-0.019667499,0.2780118,0.008943897,-0.66263646,-0.006033525,-0.5757128,0.021198584,0.3807025,-0.028832048,0.11378251,0.021880707,1.523197,-0.037534487,-0.7991703,0.015227128,-0.927401,-0.05909901,0.19021156,-0.077473775,-0.2021325,0.023340942,-0.3183909,-0.017790787,-0.84805375,0.017635658,0.7164134,0.031582054,0.024194907,-0.032919213,0.5596591,-0.021980146
SOIDSPL12AB0182DF0,other,en,-1.1937257,-0.011592539,0.57217526,-0.057795346,-0.81932724,-0.009085264,0.46097553,-0.034120344,-0.119647,-0.002006833,0.4877248,-0.03852262,-0.71673423,-0.041264996,0.8445058,0.026750155,1.1763333,-0.014561371,0.20640555,-0.01298422,-0.36416513,-0.01788646,0.79624426,-0.02419753,0.033181757,-0.019615501,1.4345449,-0.041720673,-0.85097903,-0.010355268,0.38937828,-0.03224967,-0.29153344,-0.029749088,-0.31102312,0.0006354884,1.1004258,-0.004788727,1.4137514,0.022678033,-0.18424588,-0.028710064,0.056016706,-0.010312611,1.093283,-0.032006323,-1.2802362,0.035370238,1.0841126,-0.00024758466,0.34585693,0.021858053,1.1315905,0.013621956,0.67279875,-0.11486231,-1.8558408,0.048936047,-1.1624084,-0.07950133,2.0731854,0.07039256,-1.0101409,0.07192438,0.09233512,0.006724326,-0.30255675,-0.005697634,-0.12068913,-0.09122469,0.24320166,0.07915452,0.123205744,0.019615874,0.74309236,-0.080204725,-0.25082716,0.053412627,0.26069394,-0.029715016,-0.33268914,-0.02389205,0.3330953,0.054320525,0.5966486,0.02640016,0.018393664,-0.059071667,-0.21828334,0.06772567,0.4734165,0.054491505,0.30878872,0.027370092,0.9940773,0.024652464,-0.3413818,-0.009644769,0.794758,0.006554527,0.2908528,0.027322149,-0.15250553,-0.05150868,0.04859051,-0.011008248,0.89626443,-0.026669731,0.036363255,0.006410269,-0.16173336,-0.04132622,0.1405938,-0.038381692,-0.3907483,-0.053497553,0.76792264,0.030632917,0.4179723,-0.016395224,-0.110744484,-0.035494555,-0.5058358,-0.026681729,-0.4834199,0.009905249,-0.27670735,-0.003186062,0.6944306,0.029488375,-0.1995309,-0.015969817,-1.1068127,0.010687893,-2.855803,-0.028047042,-1.2757673,0.0117336735,-0.7476679,-0.056218483,0.30622998,-0.025886014,-0.19969389,0.020746825,0.12725568,-0.035446435,-1.0443875,0.005575305,-0.29779825,-0.0002976274,0.27163574,-0.028754978,-1.1066294,-0.0052177296
SOPVMQT12A679C8040,other,en,-0.64407974,-0.008788025,0.5348478,-0.05467765,0.77825445,0.0020993426,0.9250486,-0.030583141,-0.015380358,-0.0023927721,1.4249355,-0.048848704,0.30980998,-0.033014774,1.4330981,0.012892947,0.85040766,-0.019444764,0.31665897,-0.017811328,-0.36780313,-0.014595769,-0.5945207,-0.023488486,1.127836,-0.011818823,-0.9571744,-0.028630925,-0.97565,-0.014646913,0.46914276,-0.030965414,-1.3382753,-0.014407326,-0.19618174,-0.001533852,0.047168,-0.005753448,-1.0799891,0.020980895,-0.5994737,-0.012572769,-1.0066832,-0.013709245,2.930668,-0.03455903,1.2547956,0.029946033,-0.05859342,-0.003280213,1.0864131,0.02199956,-0.7358794,0.019592967,0.98816735,-0.12961063,0.1686724,0.056315802,-0.089973584,-0.057432413,-1.5455161,0.04978274,-0.13301316,0.06958561,-0.38781732,0.023892695,-1.2526146,0.0055858605,-0.61241025,-0.055079866,-0.82244325,0.092620715,-0.14859757,0.018451534,0.33947438,-0.09906294,0.717763,0.059955034,1.46974,0.0018042289,0.58641416,-0.021997426,-0.2331013,0.06378052,-0.09364857,0.04037046,0.8206578,-0.039900225,0.37068,0.072641924,-0.3648566,0.048675895,0.0062123775,0.044971127,-0.40678725,0.035485245,0.13556713,-0.01570396,0.5695921,-0.025230777,-1.2443765,0.019589208,-0.32686397,-0.054792516,0.35544357,0.0054938053,0.55876184,-0.02392189,-0.3558237,-0.013247327,1.2518446,-0.05333146,1.0572851,-0.045638394,-0.9745898,-0.054715298,0.4005668,0.032322917,-1.5146673,-0.018415704,0.98680204,-0.049421627,0.5394885,-0.021702556,1.5634454,0.0021812283,-1.2320911,-0.0124813765,-1.0912733,0.018558625,-0.7869358,-0.023735553,1.4583747,0.010948943,1.1251554,-0.035232205,-0.2626116,0.008451067,0.8436782,-0.06703951,0.12926605,-0.03230917,1.4061732,0.029885443,-0.6083481,-0.02590742,-1.4324716,0.020397611,-3.2173705,0.00486287,-0.949809,-0.04253936,-0.91196454,-0.022151442
SOIAZJL12A6D4F854E,other,en,-0.65507096,-0.020905903,0.45483395,-0.061049156,0.026823666,-0.008374851,0.58992493,-0.04301825,-0.10180633,-0.010997921,0.97584724,-0.042253897,-0.002535833,-0.03784752,1.8813747,0.03747142,1.295707,-0.014169514,0.6091163,-0.022482023,1.2821149,-0.013587341,-0.52831393,-0.023619536,2.8877418,-0.017338369,-0.4727172,-0.034618884,1.1131073,-0.013011495,-0.012285482,-0.034788597,1.2408453,-0.028281778,-0.38081065,-0.003925903,0.63708615,-0.008860262,0.16955736,0.021938121,1.3686485,-0.023542695,-0.2432907,-0.012828862,1.610966,-0.04031094,0.25086045,0.024505109,0.86966455,-0.0051488522,0.32688683,0.0212905,2.1334016,0.015307464,0.25517744,-0.12530896,1.0840759,0.06556698,-0.54252577,-0.08430107,0.02775132,0.057409074,-0.26059473,0.079000935,-0.11426868,0.0054177176,-0.53414255,0.0104157515,-0.02696409,-0.06472796,-0.9286475,0.093901455,0.7642883,0.027088247,0.006386468,-0.09437751,-0.7274384,0.06271744,-0.61774075,-0.02329208,0.61279875,-0.032271355,0.33414862,0.061702244,-0.7557855,0.027836293,0.6587418,-0.057193197,0.4854755,0.06823624,1.6722236,0.05377944,0.15225092,0.0354886,-1.9333376,0.03591135,-0.82482374,-0.0057673734,-0.5022202,-0.0061071627,-1.6264967,0.026386643,-0.9033514,-0.05704987,0.579918,-0.0005936064,-1.1173064,-0.03433741,0.9095206,0.0019698879,-1.9956683,-0.050155833,0.58873475,-0.04234724,-1.0965909,-0.05275797,1.3520149,0.028066823,-1.3305506,-0.016586058,0.6518645,-0.04639918,-1.0967947,-0.011423223,-0.524048,0.003810294,-0.8237695,-0.006608017,0.31482875,0.025787085,1.1289167,-0.027111862,0.16661541,0.009202881,0.23585926,-0.022228327,-0.059306163,0.011133045,1.4027857,-0.058990315,0.97223365,-0.020056127,-1.0910397,0.025267996,-0.0214312,-0.038220078,-0.7046303,0.019097699,0.5030204,-0.0035595316,0.29995027,-0.036720067,0.08818701,-0.013381038
SOCPFDY12AB018300D,other,en,-0.3599071,-0.018297726,-1.7905431,-0.0672386,-0.3422098,-0.0033998117,-1.5305495,-0.040404685,0.8763484,-0.014317046,-0.4911975,-0.04541046,-0.75735104,-0.038789645,-2.2129517,0.03450428,-0.66055053,-0.0159065,-1.3673121,-0.0148769,-1.1785532,-0.015535697,0.04851975,-0.019831106,-0.68100595,-0.020608518,-0.70917475,-0.028730944,1.781318,-0.008380324,-0.858399,-0.022266343,-0.43690544,-0.015047815,-2.5229313,-0.011002931,-0.308026,-0.0071213227,1.0906337,0.01462933,-0.59338504,-0.025957488,0.009015936,-0.00979848,-0.20387107,-0.039528545,0.24996671,0.02985559,0.5244184,-0.0107389,1.5574226,0.024034373,-1.030959,0.022714969,0.028120616,-0.14910749,0.185158,0.062177777,-0.39982706,-0.07043505,-0.95600885,0.06538753,0.15300275,0.09024097,0.12803361,0.03074337,-1.1057549,0.01690137,-0.30524662,-0.044808682,-0.29260066,0.09523858,0.17972133,0.030098833,-0.12111333,-0.09506173,1.0726422,0.0652097,0.28793672,-0.007962476,-0.16948198,-0.02978374,0.70263344,0.06268527,-0.5832749,0.023592863,-0.042604223,-0.049660467,3.6195598,0.066003434,0.6317308,0.049749594,-1.6516823,0.05279591,-0.1869026,0.04023958,-0.07557926,-0.006983258,-0.34193966,-0.005768195,-0.39026508,0.02034488,0.74058294,-0.04306101,-2.087213,-0.009903589,0.1240811,-0.018132659,1.5324945,0.0017623547,-1.3001846,-0.042844187,-0.3888664,-0.047257222,2.1960547,-0.042471245,-0.6490664,0.031072384,-0.41159847,-0.021059968,-0.91826373,-0.045762185,0.14723791,-0.0028259587,-1.6961535,0.00517362,0.04848954,0.005765602,-1.5002897,0.012081087,0.4149826,-0.016783748,0.07834313,0.0045611095,-0.06483903,-0.030957786,-0.58643895,0.0117685385,-1.5740647,-0.057720363,-0.4523063,-0.020003047,-0.085994735,0.020879183,1.8305075,-0.027008407,-0.50384676,0.019472467,0.12905332,0.0056952797,1.4135654,-0.046475317,-1.1576709,-0.013444075
SOVOTBC12A6D4F696A,heavy metal,en,0.2510327,0.15459484,0.68729913,0.55879706,0.6828309,0.24854326,0.8785233,0.83086354,-1.2661959,-0.00010827184,0.57626253,0.62966114,-1.0951635,0.23126853,0.45270106,0.5754632,-0.37410453,0.34366328,-0.5371334,-0.23397386,-0.70249623,0.60113174,0.01680023,-0.50545895,1.2342346,0.64503545,-1.2326409,-0.86941767,-0.7146059,0.4044478,0.4843164,0.3748097,-0.64212734,0.38818166,0.28948388,0.25276986,-0.5385534,0.18696332,2.1127882,0.49596918,0.22077338,0.58272237,0.94289124,0.3030334,2.9830945,0.5850843,-0.15531646,-0.014986895,-0.2603695,0.3821155,-0.049127787,-0.16521657,-0.8803311,0.33378485,1.5635122,1.4181443,0.37055922,2.1156607,-0.11436462,-0.8883734,0.16772453,0.5263107,-0.3524819,-0.42139554,0.47286224,-0.072776675,-1.1749941,-0.3111723,-0.14617214,0.042663258,-1.4989984,-1.3750734,1.2873962,0.35523644,-0.4086825,-0.06986655,-0.95964324,-0.8426591,-1.4537189,-0.6824956,0.6107882,0.33085048,-0.3019364,-0.12060174,-1.0174993,-0.43230897,1.3060198,0.22818169,-0.34214142,-0.4733804,1.5098482,1.0861908,-0.38538718,-0.047417756,0.14219311,-0.95691174,1.00071,-0.05767353,1.12574,-0.020812124,0.82909703,-0.8231006,0.69580656,-0.9686995,0.9760125,0.8813651,-0.6086223,-0.9636708,0.41133556,0.44843355,-0.5543617,-0.6395373,-1.0759248,0.42227873,-1.451615,-1.0318547,-0.23155758,0.050130874,-1.823473,-0.2922935,-0.23666158,0.25001526,-1.3124055,-0.4696606,0.91912156,-0.2122582,-0.43868563,0.12445736,0.19036889,-0.3154159,-0.27384278,0.5092314,0.083994225,-0.23972581,1.2883544,-0.030656254,-0.9058916,-0.31481677,2.3287508,0.13009858,-1.0025212,0.44220006,-0.21598671,-0.021643072,0.016887242,0.3991974,-1.6332566,-0.002673408,0.20156913,0.19902545,-0.76192933,0.03691637,-1.3411505,-0.2711382
SOOQCOC12A8C132A5A,blues-rock,en,-0.8489159,-0.07788576,1.137816,0.16307376,0.7337078,0.13941306,1.4895679,0.25676733,-1.1649851,-0.23559806,-0.17966059,-0.062108114,-0.45403558,-0.19684747,0.28159785,0.15340342,-1.1184535,0.11031709,-0.6030596,-0.07649676,2.4307723,0.0020042192,-0.2331625,-0.42868096,-0.5458667,0.22112755,-0.6875478,0.05309738,-0.6169494,0.015990822,-0.02790986,0.04395301,0.07367352,-0.06965205,-0.57356304,-0.087641336,-0.7678677,-0.028143506,1.2977521,0.1563309,0.8805411,-0.120969296,-0.3474231,-0.40877458,-0.429225,0.24570915,-0.47158352,0.17079575,2.122282,-0.10817465,-0.8812624,-0.05539106,0.20758337,-0.07957567,0.9200867,1.5605372,-0.6463942,-0.9052614,-1.0247266,-1.253635,0.18518978,0.34144983,-0.8737253,-1.1718634,0.9060514,0.17205794,0.2872399,-0.63336074,-0.078947805,0.005379133,-0.45135006,-0.73935133,1.1553828,-0.032018453,0.15349627,-0.022674713,-0.0339371,-0.3121582,0.18064228,-0.6668436,0.109288774,0.15256807,0.30962405,-0.19550177,-0.46525508,-0.2527036,-0.07280375,-0.23731641,-0.19392838,-0.3155023,0.19370458,0.23907086,0.6329796,-0.21079239,0.12171048,0.23189911,-0.7473531,0.06290489,-0.90585345,-0.13985266,0.04147177,0.20587726,0.21889406,-0.04123027,-0.12477881,-0.15561378,-0.8667515,-0.20898262,-0.18443912,-0.17136791,0.6971231,0.54228884,0.12880859,0.086368755,0.22878455,-0.008134324,-0.6006963,-0.1855044,-0.3212402,-0.1604997,-0.641704,0.13066407,-1.514265,-0.5291075,0.3388848,0.25336775,0.15692057,-0.14923032,-0.19672866,0.06702465,-1.1934607,-0.2915689,-0.9090976,-0.048663817,-0.8791098,0.24861573,-1.9334071,-0.1793281,1.7221416,0.7192306,1.2117668,-0.20827931,-3.1919177,-0.3517542,0.88016653,0.26462686,2.0337842,0.013730763,-0.15844758,-0.35491478,0.6409759,0.22728081,-0.10091835,0.1945023
SOQYSAU12AB018263A,other,en,-0.8276757,-0.020056246,0.83272845,-0.061113454,-0.02991461,-0.0005359277,0.4591904,-0.033673577,-0.86523306,-0.010375344,-0.1513226,-0.028582938,0.16836669,-0.02667293,-0.45080024,0.03008847,-0.40390804,-0.013505807,0.08378466,-0.02453434,1.6338067,-0.001958467,0.014811308,-0.019913048,-0.17267652,-0.015692212,0.13949041,-0.037103623,-0.32219502,-0.010947563,-0.13020192,-0.023346037,0.06856476,-0.00952635,0.16094731,0.0011150162,-0.83466744,-0.00069598015,-0.7351814,0.014112306,0.37105817,-0.027564067,-0.4151233,-0.004348172,-0.5343028,-0.0402738,-0.00757818,0.026966829,0.32252628,-0.0030368622,-0.89479095,0.0150284,-0.869084,0.013022672,-0.7795726,-0.1206138,-0.08186317,0.057173274,-0.15775299,-0.06943405,-0.13722132,0.06354562,0.2836095,0.055773653,-0.30095705,0.02786255,-0.48343498,0.016411874,0.013662783,-0.072423,-0.3476133,0.07525781,0.17266549,0.027732499,0.11943294,-0.08151525,0.21464229,0.043634925,0.3416676,-0.02360607,0.08343035,-0.035507053,-0.16515405,0.06222911,0.42189345,0.023694836,-0.14180425,-0.042699624,0.4773924,0.065767035,0.11743807,0.0553103,-0.075810045,0.039952192,-0.38616967,0.035688795,-0.010834514,-0.0062493086,0.30694216,-0.015181439,1.3577751,0.020060435,-0.4702977,-0.049564354,0.46394292,-0.008995514,-0.19653867,-0.018979618,0.47098777,0.0007138569,0.9499246,-0.037433174,0.80364084,-0.039930712,0.054667354,-0.058597773,-0.6443673,0.028463794,0.43813843,-0.00668317,0.29833192,-0.042594034,-0.9783043,-0.010450058,0.061955214,-0.002185993,0.3037678,0.0036792122,-1.0158409,0.020980773,-0.18813238,-0.018387197,-0.30120888,0.0072110277,0.666006,-0.025044352,0.21903779,0.012287773,-0.3314453,-0.05419131,-0.04354324,-0.03045373,-0.27241775,0.02377123,-0.4841872,-0.025080163,-0.18284981,0.017852943,0.08470795,0.008291187,0.47978574,-0.03148908,-0.6095194,-0.015338363
SOKLGLN12A8C13D204,other,en,-0.13620035,-0.018142683,0.9774186,-0.0644225,0.18015774,0.005457014,0.6136468,-0.03917674,-1.1226115,-0.009105282,0.05616575,-0.05372002,-0.21518625,-0.04022491,-0.3805828,0.026211075,-1.474903,-0.02416173,-0.34429678,-0.021262586,0.14869761,-0.019716214,0.81917936,-0.01910069,-0.5510345,-0.018378379,-1.0173811,-0.030502463,-0.7653969,-0.008563663,-0.5181737,-0.035673592,0.24057284,-0.028289378,-1.1205082,-0.0075863693,-0.9542649,-0.0052757375,-0.08184477,0.020094743,0.6284315,-0.01620908,0.16813828,-0.016970066,-1.6428605,-0.037876375,0.95431185,0.03341458,-0.2881632,-0.00927593,0.91115797,0.019785654,0.47105128,0.023795187,-0.7580956,-0.14657348,-0.51457,0.06263862,0.3958255,-0.06157257,0.64045954,0.06985476,-0.6262624,0.08375302,-0.19047096,0.00019031018,-0.048646975,-0.003836397,0.23673956,-0.05259098,-0.044003427,0.10069376,-0.26839367,0.01036213,2.658689,-0.087469436,-0.18173516,0.071908936,-0.23721154,-0.010411762,-1.2154722,-0.009872227,-0.428926,0.06428237,2.2235343,0.026093453,-1.2338301,-0.044420734,0.4924725,0.064790465,1.0409856,0.04600961,3.2106469,0.05666086,2.6188118,0.032274723,1.1247302,-0.020055437,0.7614026,-0.010317612,-1.0347345,0.020730607,-1.3678058,-0.04395949,-0.39453298,0.0058585606,-1.4380288,-0.019719431,0.29953963,-0.012979909,-2.6307995,-0.05719956,1.0115087,-0.0403497,2.0978842,-0.04448583,-0.35698888,0.03049944,0.44430318,-0.019877434,0.14694852,-0.053703237,1.1992345,-0.014678506,-0.18889414,0.017273612,-1.2608901,-0.00609494,0.10492346,0.018236011,0.21928246,-0.024570758,-0.5665192,0.013405522,0.810829,-0.034458615,0.6391044,-0.0014540702,-0.031767193,-0.05890517,2.519339,-0.034930225,-0.024267452,0.028197873,0.39416313,-0.026404642,0.92578787,0.015431179,1.4509279,0.0075774714,-0.43038732,-0.043420568,-0.7830101,-0.014875492
SOMMPRY12A8C131C5C,latin jazz,en,-1.2522503,0.14256078,0.8933394,-0.5154099,-0.41700116,0.1271564,0.58226067,-0.4783844,0.6479298,-0.09515501,0.07453957,-0.5006539,0.22228287,-0.22885093,0.22053108,-0.19135238,0.6871215,-0.12602936,1.9675221,0.34777862,-0.8756426,-0.2652952,0.8856126,0.42396867,-1.0616225,-0.35406092,1.7124997,0.17191109,-1.6155777,-0.16267262,1.3785388,-0.04111417,-0.9579548,-0.46425492,-0.45069084,-0.2735341,-0.5674824,0.027009286,-0.41921487,-0.10366739,0.10725336,-0.27407613,0.35766667,-0.078750975,0.6719035,-0.1315033,-0.8068417,0.4438772,-0.4300009,-0.11178514,-0.5369404,0.34772205,-0.53798664,-0.34947002,-0.60589916,-0.53355956,-0.8848167,-0.69775313,0.5987148,0.5423393,1.934834,1.6138163,2.4329953,1.9294264,-1.174458,-0.9051561,-0.3602335,-0.6631691,-0.055895593,-0.19047497,-0.11232162,-0.36553252,0.76146334,0.52589023,-0.64779216,-0.22387075,0.2880004,-0.4288289,0.0242046,0.4359722,1.9276079,1.167251,-0.8898208,-0.50948226,-1.1396955,-0.5621045,-0.91602486,-0.6371591,0.9415795,0.13742927,0.27452675,-0.42126903,0.18605578,-0.21719766,-2.4075298,0.17036346,0.21795528,-0.38396895,1.4466692,0.47474578,0.8862644,-0.15493047,1.2861391,0.3743159,0.9096621,-0.23124209,1.7355682,-0.13261405,-1.8903841,-0.46095073,0.25591278,0.11818573,2.6339202,0.27844343,1.6682514,0.063825324,-0.23086266,0.29070997,0.20900546,0.22576809,0.94389933,0.020477023,-1.5300062,-0.28997135,-0.89093983,-0.32723787,-0.49497053,0.11087835,2.4026828,0.08010684,1.16158,-0.18160962,-2.259445,-0.1376802,-0.75561124,-0.19007301,0.1799106,-0.06794163,-1.1819549,-0.30723587,0.021806357,-0.026413113,0.31906056,-0.18140039,0.625037,-0.14013773,0.09362936,-0.28775683,-1.0378652,-0.41373357,-1.5258839,-0.0407734,-0.23051523,0.5132235
SORDYIS12A6D4F64EC,other,en,-0.023147933,-0.010221852,-1.1099634,-0.059300996,-0.27585873,-0.004249595,-1.0808196,-0.034793295,-1.0395322,-0.01125079,1.5153133,-0.04852397,-0.29460946,-0.048750423,0.13632628,0.02847594,-1.3496463,-0.021981057,-0.2203131,-0.019401155,0.35375112,-0.018816762,0.70954156,-0.023353849,-0.6721041,-0.02499179,0.84561425,-0.032938883,0.6105499,-0.021506691,0.87384486,-0.03286023,-0.5254976,-0.026740849,-0.2029639,-0.0029972177,-1.213571,-0.0057294923,0.5913922,0.019996036,0.6223665,-0.020796604,0.6748013,-0.016794344,-1.2686524,-0.030923665,-2.6638718,0.0324927,0.098713055,-0.007559536,-2.6110873,0.02660727,-1.5887402,0.01679577,-0.567749,-0.12591833,-0.44059956,0.056061998,-0.11082858,-0.06540547,0.3155631,0.05162316,0.14610314,0.08162427,-0.18014741,0.018435286,-0.12672082,0.019458584,0.45010665,-0.054954793,-0.29666373,0.098496884,-0.17380124,0.036974348,1.7347577,-0.10899753,-0.45869297,0.057707082,-0.62040675,0.0013513826,-1.7737665,-0.029619262,0.2119221,0.06288721,2.324101,0.036855955,-1.0643278,-0.050387397,1.184484,0.07240851,1.4755797,0.05022624,4.472126,0.038351256,5.620259,0.03395112,0.17219351,-0.019211663,0.8786734,-0.021325164,-0.30329677,0.020962175,-0.7646795,-0.052920684,1.1087586,0.0030188598,0.9741289,-0.03476443,1.2023776,-0.012287916,-2.767071,-0.049551547,2.1382055,-0.04965095,-0.065551706,-0.06580708,1.1775651,0.031492006,0.76532906,-0.022768099,-1.5801746,-0.04976848,-0.7072978,-0.0163331,0.71160585,0.0076033846,-0.25414327,-0.00845601,-0.42514184,0.024581555,-0.3724479,-0.02749006,-0.83582664,0.0060409773,-2.3219237,-0.026544591,-0.5169143,0.0063049644,1.1174234,-0.065491796,0.399132,-0.020166796,0.48421165,0.02623387,-1.2101313,-0.031304076,-1.1692057,0.02067668,-0.55846065,-6.3364394e-05,1.2704004,-0.041872766,-2.5289729,-0.01810552
SOFIYUN12AB0184842,other,en,-3.5031068,-0.010493701,0.58307785,-0.05540154,1.464272,0.0038201213,0.37913546,-0.035791866,3.12005,-0.0075566364,1.1167465,-0.036669422,0.86345994,-0.02704323,-1.2597126,0.0202162,-1.2294828,-0.010675402,1.7748312,-0.0012353249,-0.9553405,-0.012334928,0.011602796,-0.025898796,-0.89494616,-0.014964925,-0.66639256,-0.01936455,-0.8959968,-0.017237574,0.7834403,-0.0106872395,-0.7101868,-0.0010697655,1.1134322,-0.0016900953,-0.68874174,-0.008347072,-1.0483253,0.016811354,-0.35472855,-0.020904388,0.10847186,-0.006794853,-0.52151567,-0.032644648,1.8203732,0.027051413,0.8815277,-0.00032863207,-0.22065715,0.03188545,1.0094028,0.023525897,-1.0634837,-0.14675944,0.17140606,0.061001398,0.4668159,-0.06384536,0.097148985,0.047402408,0.5639552,0.08041583,3.020369,0.07350108,-0.10720112,0.027830772,-0.43635353,-0.03577783,-0.2469975,0.08574426,0.22142892,0.036140066,0.05386417,-0.10522911,-0.05970915,0.06132629,0.20407835,-0.0013332069,0.25035304,-0.03873556,-0.19388491,0.059598792,0.48859474,0.034514133,0.31550688,-0.047035754,0.107482396,0.0799089,-0.84856075,0.057901364,0.19640303,0.044076726,0.20523477,0.045431115,-1.4588188,0.004788815,-2.1141925,-0.017634053,-0.34346786,0.012541457,-0.5830138,-0.059081182,0.29387102,-0.013016684,0.21616814,-0.028435381,-0.9308507,0.002109521,0.777011,-0.04267253,-0.036430143,-0.052705653,1.5134639,-0.05525807,0.37586176,0.036292,0.43373293,-0.01607528,0.50528157,-0.04376829,-0.17970279,-0.0032794978,-1.3163446,-0.013757303,-0.731124,0.0057424866,-0.9655912,0.009193331,-0.16260514,-0.012408249,-0.15182397,0.0069864076,-0.42506313,-0.037791945,-0.0751499,0.029392876,-0.43000153,-0.07336757,-0.11080236,-0.017422527,-0.01863712,0.01894864,-0.45433462,-0.02461313,0.6977736,0.026185757,0.053348273,0.0032348372,0.28706938,-0.060042318,0.08132581,-0.021461364
SOIHVVZ12A8C138E9D,blues-rock,en,-0.44318333,-0.09075311,0.4659213,0.14653307,0.4101588,0.15092653,0.2063627,0.25395328,0.7007795,-0.23423296,-0.66016877,-0.082295336,-1.4026927,-0.1886526,0.4169778,0.14041701,-0.7570167,0.11463364,1.0332012,-0.06391041,-0.50157326,-0.04345405,-0.3448428,-0.46681678,-0.400554,0.20934957,1.7511492,0.024476584,-0.36942825,-0.032976728,1.1552624,0.09017691,-0.12761937,-0.0892514,-0.4996313,-0.10063565,1.1884449,-0.024373816,-0.37152398,0.1900961,-1.1797541,-0.13393833,-0.9952188,-0.4490838,-1.0126016,0.23233306,-0.58098996,0.19922289,-0.6501449,-0.12316415,-0.3851382,-0.04655502,-0.0839148,-0.062971324,0.924686,1.620128,-1.3053348,-0.9112876,-0.949781,-1.3924662,1.0898612,0.25711754,-0.4292384,-1.1337854,-0.22125952,0.20808943,-0.7666622,-0.6368656,-0.115304336,0.038979355,-0.064210296,-0.7403451,-0.48659936,-0.0034979843,0.20180804,-0.042462103,-0.29807308,-0.28259072,-0.33778772,-0.56518483,1.3244424,0.16314377,-0.755943,-0.17950712,-0.72054935,-0.24503464,-0.29057735,-0.29004624,-0.72262496,-0.3645178,1.3542575,0.25158665,-0.97699404,-0.16317242,0.15203458,0.24689889,-0.29813346,0.09298821,-0.54683197,-0.15025136,0.5206023,0.19651474,-0.6441938,-0.0017168149,-1.1283115,-0.16921656,0.8529964,-0.17403044,-0.9893535,-0.19383635,0.932143,0.49537304,-1.8240368,0.03823084,0.33178124,-0.038584914,0.4343618,-0.14856954,-0.6376891,-0.13673735,0.9275873,0.1439193,-0.8515088,-0.5333903,0.521529,0.23571377,-0.8117516,-0.15164736,-0.67138904,0.06945114,0.7466546,-0.34224546,0.10506957,-0.06759642,-0.25789288,0.25622576,0.16013764,-0.14846867,1.3966105,0.7039091,-0.6205588,-0.22714898,-0.644191,-0.3752944,1.4718363,0.25293982,-2.2964685,0.048171688,-1.0768812,-0.32421845,1.2354168,0.24058563,1.8823477,0.20904107
SOJIRAY12A8C141F8B,other,en,-0.48086748,-0.022494959,-0.030238448,-0.068760715,0.20125875,-0.011448253,0.06131796,-0.03890699,0.31329083,-0.0069324835,1.129393,-0.054474786,0.79971033,-0.041522704,-1.2723632,0.02571031,0.29088545,-0.020818014,-0.16712339,-0.020075995,0.36170295,-0.013941687,1.2537051,-0.021942178,-0.3996793,-0.016806982,-1.2601564,-0.020967294,1.7049571,-0.0059764637,0.12807183,-0.0381553,-0.65405107,-0.022209007,-0.7525438,-0.0093300985,-0.6205004,-0.005929575,0.15012166,0.020045359,-1.2207448,-0.025310926,1.1967905,-0.011171369,-0.6506214,-0.040047396,0.49693426,0.028442929,1.0625759,-0.0073153693,0.33810923,0.020609919,-0.43090025,0.018764518,0.27890477,-0.15159754,-1.5343043,0.053475894,-0.89120877,-0.06611739,1.8273873,0.067466244,-1.0051379,0.08104597,0.06309637,0.012268836,-0.9724028,0.015088178,0.2505417,-0.06252013,0.1588301,0.091067895,-0.44203648,0.024851661,2.154496,-0.10163052,-0.71702033,0.06285269,0.026348598,-0.016503625,-0.900358,-0.0189293,-0.4238709,0.069858216,2.8259363,0.027592868,-0.4799224,-0.05424677,1.2948798,0.06829837,1.2381102,0.043427765,3.7754319,0.053397086,3.7814212,0.042591482,0.42067987,-0.015565446,0.4525388,-0.0066177007,-0.17885645,0.035957776,-1.128354,-0.050832056,-0.06899386,-0.012612449,-0.62442935,-0.0148437,0.74927723,-0.002430345,-2.5738275,-0.048617143,1.7541132,-0.04842175,0.94346493,-0.0415198,-0.64978343,0.02500287,0.9080364,-0.021757733,-0.623571,-0.0486993,0.92459387,-0.0148504,0.6243234,0.011643935,-0.93687445,-0.00686799,-0.65642923,0.01678706,-0.5099252,-0.021122629,-0.2826547,0.005450798,0.9034041,-0.031793676,-0.7771713,0.0018455721,0.93326163,-0.059654485,1.5778923,-0.028201832,-0.44335705,0.02596189,-0.10799793,-0.031406455,0.1710879,0.018400975,0.47337934,0.0012148032,0.77505726,-0.035634402,-1.0006198,-0.013159871
SOMGMSS12A8C13492A,other,en,0.8645419,-0.019556714,0.9561678,-0.059747152,0.18133,-0.0035574995,0.75299007,-0.040131874,1.158884,-0.010287097,-0.2647498,-0.039939426,2.7623756,-0.034420997,-0.3843131,0.039809212,0.5621287,-0.016117617,1.2491887,-0.02270861,-0.47623533,-0.010790752,-0.14283615,-0.022858623,-1.3063666,-0.01954649,0.035208013,-0.04424663,-1.1800231,-0.016999487,1.2793095,-0.021570738,-1.3688574,-0.026891999,-0.5055912,0.0005726754,-1.6536909,-0.0057019005,2.3928223,0.0150707625,-0.71552545,-0.026878145,-0.08942164,-0.01316095,-1.5890269,-0.036621727,0.8867944,0.027064739,-0.4520056,-0.0054636914,0.71004856,0.018065227,-0.1415197,0.015271772,-0.5163239,-0.12315318,-0.25320488,0.06774541,0.041106906,-0.08387385,-0.1628511,0.05635177,0.17924099,0.07636878,-0.16394353,0.02726241,0.19858687,0.018855687,3.7628918,-0.05256676,0.72937906,0.088738665,0.85889155,0.024580754,-0.053734273,-0.08287053,-0.47779822,0.056425918,0.75255394,-0.02107764,0.32131556,-0.035927348,-0.060938425,0.06421759,0.1294132,0.023612842,1.3369358,-0.047892824,0.42927274,0.06568276,-0.31120712,0.06304137,-0.55864435,0.036551088,-0.17912689,0.03443739,0.15744942,-0.00388808,-0.79505664,-0.010440843,-0.37490982,0.019272845,0.15010239,-0.048759047,0.3886243,0.0010988452,0.20346819,-0.03831304,-0.120742805,0.003903302,0.63250434,-0.04198833,-0.36925185,-0.047114804,-0.19605184,-0.059572786,0.13930194,0.030207325,-0.4373332,-0.019675171,-0.20454036,-0.047119517,-0.9093913,-0.005674958,-0.020259548,0.004004374,0.09958048,0.0038010627,-1.0033013,0.022569658,-0.6895406,-0.019953225,0.511087,0.00491138,-0.97021466,-0.018750114,0.50541365,0.009607546,0.5535206,-0.06013048,-0.44713032,-0.012306932,-0.010904953,0.025137858,0.42141047,-0.032391116,0.0857937,0.019512601,0.8259501,-0.0007171137,-0.339171,-0.04053181,1.0184013,-0.009844888
SOMAFQT12A8AE47E8D,dancehall,en,-0.52077836,0.15337358,0.6967234,0.3694757,-0.7171045,-0.14845195,0.8392919,0.1840528,1.2525618,0.40000546,1.0397048,0.39303327,1.9970059,0.6550363,-0.35723937,-0.40362495,-0.6990271,-0.1517677,0.60910964,0.53409976,-0.703834,0.25397652,0.93453383,0.58728033,-0.76958853,-0.051015854,0.20298201,0.97579974,-0.42413428,0.22934638,-0.28328732,0.23946717,-0.2621953,0.22430968,0.7524418,-0.05990599,-0.7978189,-0.14566977,-1.0575159,-0.3439347,0.60755944,0.25207707,1.7057725,0.8418889,-0.15836741,-0.0017078314,0.33409762,-1.0060022,0.9233403,0.2609542,-0.9276466,-0.55983573,-0.5444926,-0.12827258,-1.0663288,-0.64146036,-0.03745586,-0.07225232,1.0580819,1.0065883,-0.19180758,-0.33263838,-0.8457589,-0.53295785,-0.26278225,-0.047811724,0.010448385,0.06110651,1.8290588,3.458298,0.020365436,0.47152716,-0.11804718,-0.08381063,0.09594988,-0.011495263,-0.13853565,-0.2787472,0.4597877,0.61229366,0.096923694,0.10795713,-0.33982724,-0.103930674,0.07625515,-0.07286304,0.34805825,0.27012473,-0.3870819,-0.15850621,-0.052001156,-0.113980964,-0.38658333,-0.37692797,-0.50486046,-0.49390793,0.70782596,0.04929872,-0.062037088,0.2252455,-0.35483095,0.11822189,-0.3387178,0.07897745,-0.68551165,-0.16654633,-0.690446,-0.5267795,-0.45503148,-0.25256732,-0.033061355,-0.24293262,-0.33266744,-0.11794005,0.49794844,-0.048691995,0.28333685,0.23454566,-1.0433536,-0.47731516,0.28678188,-0.41899887,-0.028992526,0.3675718,-0.6079258,-0.04192242,-0.27595967,-0.33040777,-0.009898859,0.56326205,-0.48305753,-0.15401877,-1.018455,-0.36684448,-0.42149985,-0.13547674,-0.115744,0.096032515,0.7366779,0.13960314,0.30799654,0.52116865,0.42627057,0.6757848,-0.32791924,-0.4289384,0.2156672,-0.112764224,1.0538845,0.029392146,-0.5628051,0.39751732,-0.11306241,-0.28286302
SOSNDGZ12AB017D82F,blues-rock,en,-0.31928244,-0.05023402,0.2395542,0.18260898,-0.26249474,0.18172649,-0.08291663,0.24774678,-0.26250342,-0.22923848,-0.27319247,-0.058880687,-0.73607427,-0.15598628,0.37729445,0.0793548,-1.2443624,0.11560965,1.0096325,-0.023809392,-1.1671029,-0.011136685,0.6601737,-0.46972027,-1.7593685,0.23482366,1.9082519,0.04103263,1.4311746,-0.0021586604,-0.972793,0.12249589,-1.1756225,-0.054531597,-0.92893356,-0.08171289,-1.0697294,-0.010695703,0.4433243,0.19287813,-0.29472628,-0.13227932,0.12234553,-0.43139142,-1.1203402,0.28804663,0.17080863,0.20028849,1.7295223,-0.09441711,0.23009877,-0.059250176,0.08570613,-0.07442237,1.0064408,1.6774403,-1.7483993,-0.93120956,-1.6415204,-1.3534708,1.5073832,0.2951144,-2.1413445,-1.2465835,0.6487606,0.26581794,-0.018952204,-0.6580346,-0.04244813,0.15631202,0.74696636,-0.7473727,-0.3104343,0.074961856,-0.76930887,-0.07885037,1.4796689,-0.28512073,-0.42983696,-0.56554353,-0.24961713,0.13923018,0.40849957,-0.16914897,-0.4003152,-0.23430938,-0.34931195,-0.3359344,-0.58697575,-0.35762066,-0.08937484,0.33612573,-0.14116172,-0.20070036,0.36460704,0.26948276,0.43089268,0.13632834,-0.50365347,-0.15796626,-0.68126357,0.12573436,0.6846494,-0.023118528,1.1282328,-0.15958962,0.35561445,-0.24253286,0.42571068,-0.274149,-0.42651272,0.54552525,-0.79381,0.01140897,0.5441038,-0.04905923,1.5525197,-0.0993202,1.8036081,-0.20502193,1.4984627,0.14552309,-1.0454695,-0.5223363,1.0726346,0.13691406,1.5834409,-0.1334483,0.27750996,0.056598328,-0.858219,-0.38533652,1.665811,-0.028207429,0.908375,0.27389872,0.5715504,-0.11634931,0.43749908,0.72513497,1.4365634,-0.23586127,-0.13259366,-0.3952452,-0.20713715,0.26193857,0.51325476,0.024440343,-0.9916134,-0.3743777,-0.22933844,0.22322875,-0.8766998,0.21609388
SOOOCMS12A8C1413F3,other,en,0.83579344,-0.015393702,-0.41829637,-0.056621343,1.2391945,-0.00043865666,-0.20179592,-0.043344185,0.19801795,-0.020343293,0.7904635,-0.034348942,-0.10273691,-0.026356727,1.0817671,0.043913975,0.9802219,-0.015554845,1.5652386,-0.023664255,-0.89264053,-0.01140783,0.30031958,-0.025047828,-1.6835402,-0.02449293,0.0039826566,-0.038288552,-0.5923858,-0.0093443105,0.7708387,-0.031296875,0.36379117,-0.016076975,-0.14498213,-0.0032102596,1.6402229,-0.007660722,-0.31982836,0.02405038,-0.83744967,-0.024042,-0.47883537,-0.006296912,-1.0043157,-0.035333388,0.8861094,0.02469365,-0.3066445,-0.010697616,0.14810114,0.01615591,1.4248887,0.017138321,-1.0424075,-0.11590518,-0.009610838,0.068681136,0.31456375,-0.08017012,0.03538954,0.052157585,0.45167214,0.07591052,1.2037039,0.016949443,0.3424092,0.007008016,0.4903177,-0.06701025,0.10704214,0.09412648,-0.32144684,0.03360546,-0.41879034,-0.083605595,-0.009948307,0.06705906,-0.24489355,-0.019033313,-0.36549887,-0.025595097,0.22905597,0.059997834,-0.9733518,0.030731775,-0.5541241,-0.051262155,-0.11035617,0.07234107,0.7710109,0.054462522,1.124017,0.03708063,-1.2193716,0.03651558,0.09555547,-0.0010794727,4.4648457,-0.016655747,1.5455062,0.01577415,-0.21077855,-0.04927951,-0.5736967,0.0039914395,0.6079089,-0.030110525,0.13308398,-0.003578728,-0.9338051,-0.047149602,1.752755,-0.036914214,-2.4775455,-0.070151806,-1.6439878,0.034588095,-0.50107574,-0.0077244234,-1.556699,-0.05552901,-0.751987,-0.006910989,2.9316516,0.0009548664,1.082932,0.0069974586,4.5147905,0.023238335,2.783581,-0.03340458,0.32323548,0.01541272,1.6585424,-0.025346734,1.8334185,0.022473821,-0.96870005,-0.061023325,-0.93120134,-0.035845768,0.021990722,0.019943379,2.201971,-0.024525136,-1.0306015,0.018917317,-0.08237673,0.008866841,0.6031307,-0.045246497,-2.3351507,-0.017350057
SOHJXBB12A8C1437B7,blues-rock,en,0.45121542,-0.06136273,0.09116825,0.17470974,2.0070372,0.17307636,0.1510865,0.23850517,-1.3126181,-0.2381418,-0.9170303,-0.064863786,0.7644846,-0.18207568,0.28994986,0.1244238,-1.5620965,0.114253394,0.32617128,-0.045874737,-0.8379437,-0.028283503,-0.7086793,-0.47628376,0.3068409,0.23251988,0.3755412,0.036687072,0.19540921,-0.01615079,-0.5170319,0.08671953,2.867717,-0.06839654,-1.2891176,-0.098432735,-1.0054836,-0.013298349,1.4354879,0.20313357,-0.70704824,-0.11748397,-0.34830606,-0.43296045,-0.5083653,0.24258742,0.8386169,0.18935323,-1.1294217,-0.10301748,0.1797724,-0.044568174,-0.44724745,-0.061826296,1.5470752,1.6616904,-1.0383892,-0.8880693,-1.6726613,-1.3585736,-0.054903273,0.26613677,-1.2417568,-1.1926154,0.26059416,0.22590654,-0.8410059,-0.65053207,0.22632776,0.084313095,-1.2779845,-0.75446,0.0065887277,0.033115983,-0.84359163,-0.08524643,-0.13011456,-0.29796225,-1.7927388,-0.55449104,0.21240754,0.1350224,-0.60985076,-0.16499247,0.19486432,-0.23294684,-0.9511066,-0.29568014,0.27588475,-0.35936323,-0.17350228,0.3125843,-0.11277847,-0.16278751,1.3176377,0.25431934,0.17427403,0.1044067,0.24094504,-0.15347478,0.6834194,0.16725636,-0.52560526,-0.034646332,-0.47979867,-0.15982352,0.09996652,-0.1851647,-1.0189092,-0.2195905,1.0686924,0.50723225,-1.3197513,0.015076917,0.8417628,-0.045489058,0.52301854,-0.13291577,-0.33429787,-0.16934216,-1.451773,0.1465276,-1.1304708,-0.5370187,0.23086569,0.20008159,-0.23590215,-0.1642871,0.5480546,0.0464197,0.0056340424,-0.3418872,0.66515785,-0.050385214,-2.2229943,0.2611877,-0.8853797,-0.13998114,-0.24970138,0.7112472,0.27996445,-0.24031633,0.91544825,-0.38853943,0.34091997,0.26566887,0.5484692,0.043534264,-0.9192824,-0.35931256,-1.7676896,0.23909505,-0.71166366,0.21789274
SOIKPOX12A58A7BA0B,other,en,-0.90444285,-0.011548882,1.1738498,-0.058309898,-0.026397834,0.0015996099,0.958941,-0.038815938,0.74667406,-0.010885679,0.5935386,-0.051845223,0.21982019,-0.037260875,0.3204656,0.030290075,-0.35285276,-0.016682278,1.147049,-0.016109563,0.23343362,-0.011833645,0.011043161,-0.023273068,0.9317672,-0.01716198,0.9099347,-0.039633483,-0.13873154,-0.007997783,-0.34642252,-0.029662523,-0.0875295,-0.024121366,-0.3272742,-0.0021107197,-0.34578404,-0.010399785,-0.4334121,0.018752255,0.120444044,-0.02444274,0.7181533,-0.00955412,0.46769294,-0.030902069,-0.051504146,0.03172844,-0.04138488,-0.0051011387,-1.3430116,0.018832516,1.0845871,0.020557933,-1.1094319,-0.13471185,-0.052015398,0.056113712,0.7909905,-0.07487139,-0.024524672,0.078299984,-0.4048098,0.07480609,-0.45593852,0.02597267,0.051946077,0.0014440864,0.5587047,-0.052539706,0.16714182,0.084623754,-0.61489403,0.027486283,-0.27094215,-0.09859572,-0.9019114,0.061029326,0.5952043,-0.010469034,2.1141698,-0.022076825,-0.5942203,0.06660525,-1.2004588,0.02238727,0.018768802,-0.054687746,1.0949239,0.07130158,-0.24058834,0.060315255,1.0089555,0.04770882,0.6242766,0.041329965,0.36193115,-0.01093745,-1.2883219,-0.0005075317,-0.51010877,0.02648709,1.0343583,-0.048160817,0.5281768,-0.0015379237,0.16780789,-0.022339964,-1.0288392,-0.0013656225,0.28119934,-0.04090739,-0.6427873,-0.04892967,-0.95925176,-0.047322996,-1.4807179,0.036233515,-0.20029548,-0.024345899,0.21944618,-0.040105782,-0.8671537,-0.014092915,-0.4453305,0.006179355,0.43604168,-0.0026672557,0.30389887,0.014880633,-0.113064066,-0.023045495,-0.11928968,0.01228877,0.10370494,-0.037887722,-1.0368631,0.013972532,-0.49855968,-0.054387495,0.41531163,-0.026801318,1.0477787,0.0250674,0.6352846,-0.02752271,-0.57845336,0.015567523,-0.054310605,0.0015131058,-0.044303168,-0.04628766,0.9678438,-0.016155472
SONTYQS12AB017F461,other,en,0.06501011,-0.014397183,-0.8714002,-0.061084494,1.6759856,0.010206092,-1.0183433,-0.03629721,-0.27685934,-0.016246563,-1.2098187,-0.024615347,-0.3278018,-0.02402407,0.5707809,0.019866481,0.5003717,-0.004371991,0.30329666,-0.0022954885,-0.17374444,-0.008423416,0.21761109,-0.022614306,-0.17500295,-0.020139415,0.57472754,-0.026231878,-0.25929138,-0.016716497,-1.1361874,-0.013627097,0.20793702,-0.0005943291,0.09389942,0.00040104147,0.65244377,-0.0030544726,0.77699184,0.01440002,-0.25652742,-0.026448723,0.5962676,-0.002477331,-0.20415479,-0.04345922,0.1585836,0.03033999,-0.16737115,-0.0030826349,-0.40054786,0.024385355,0.17669211,0.022257037,-1.0626086,-0.1449119,-0.14456354,0.058501743,-0.064985216,-0.054880805,-0.24220027,0.041848425,0.43524182,0.07335913,-0.24817158,0.07717013,0.8274465,0.037351094,-0.3110182,-0.04357335,0.57672054,0.0852557,-1.3982259,0.040770087,0.35459498,-0.09250011,-0.09800931,0.0542919,-0.12796897,-0.008909401,0.008984315,-0.03913729,-0.12709218,0.05655745,-0.83507454,0.033894848,1.564579,-0.049364045,-1.5652758,0.08449884,3.1744819,0.04871451,-1.3327185,0.03936958,0.5872904,0.044215724,-1.9642476,0.00671084,0.86170393,-0.02567968,1.4071174,0.007756551,-2.4055483,-0.056493394,-0.923869,-0.0059121493,3.4904573,-0.029130587,-0.81271994,0.0035401676,0.08236173,-0.044278506,-0.45232663,-0.05141502,-2.0590937,-0.0657221,-0.21943222,0.038321603,0.43007287,-0.0035191365,-1.7800443,-0.044681672,2.2422044,-0.0014007166,-3.5660408,-0.02158283,-0.28488106,0.015995052,-0.05168023,0.019375917,-2.7191966,-0.0136410715,1.0354017,0.0072752926,1.6850674,-0.028468033,0.40023166,0.022398332,0.09730116,-0.07208277,2.749956,-0.020748835,-1.1808165,0.019654315,-0.36106095,-0.02751607,3.0468397,0.018193785,-0.2838296,0.0025192471,-0.19022079,-0.05874985,-1.0163435,-0.020144826
SOVZOZW12AB018881A,roots reggae,en,1.0630403,0.33574444,0.66290694,0.06276335,-0.19473709,0.09322034,0.37841064,-0.12993717,-0.47490957,0.048413973,-0.14648022,0.1865424,0.76958454,0.21854693,-0.7608104,-0.3099414,-1.022753,-0.21037772,-0.46539292,0.6492837,-0.17809959,-0.06017015,0.6149627,0.07338382,-1.0492802,-0.17469312,0.58236533,0.7929924,-0.21005303,-0.08496944,0.2479976,0.4102298,-0.16774613,0.001022011,-1.3772075,-0.17664938,-0.6495646,-0.10980583,0.7631939,-0.28944665,1.0398676,0.23329957,-0.15041013,0.17735961,-0.47422317,0.004921263,-0.9911214,-0.5574392,0.13579835,-0.009941949,-0.9292232,-0.35366505,-0.8159735,0.011908844,-0.4222467,-0.38871276,-0.09047882,-0.054486208,0.16556469,0.26295093,-0.62671405,-0.46817556,0.050574977,-0.12701489,0.2678933,0.11109865,-0.20951702,-0.007892955,6.0478253,4.6859584,1.1776783,0.8603283,-0.030625084,-0.14475296,-0.06060118,0.0041830586,-0.3296359,-0.36117372,0.8245512,0.4862709,0.24230476,0.13369396,-0.19530125,-0.21384956,-0.5218618,-0.0041229837,1.3522491,0.80649334,0.46807304,0.07117918,-0.38323566,-0.23953605,-0.41499692,-0.20476742,-0.3013237,0.051640615,-0.65465415,-0.1373472,0.31659138,-0.37221742,0.3740931,-0.30837214,0.8210665,0.26517904,0.31093723,0.31837568,-0.1257409,0.112693764,0.2267151,0.25785115,0.2741038,0.014773879,-0.060576975,-0.10534833,-1.3775905,0.069515035,-0.40327072,0.027369367,1.1077137,-0.14371692,-0.65011144,0.22189881,0.42692572,-0.082699254,0.07110503,-0.15550514,-0.19451728,0.035503346,-0.17753525,-0.2821605,-0.15878093,0.041858822,0.11185145,-0.08022624,-0.49794525,0.16193722,0.23027293,0.002715554,-1.4486284,0.20861861,-0.05508168,-0.09349952,0.60137,-0.13189918,0.2162539,0.11930611,-0.72770184,-0.048555564,-0.73941016,0.0031079752,1.259392,-0.2568325,-1.3042004,-0.20328866
SOYMQQN12A58A7D293,other,en,0.35052454,-0.023965,0.51655364,-0.07242222,-0.17129147,-0.023444854,0.16038364,-0.031983845,-1.8411633,-0.0018771606,0.52227116,-0.05687613,-1.3420572,-0.050116643,-0.3983495,0.02238191,-0.6967862,-0.019296166,0.6508442,-0.017111,0.5817879,-0.014270987,-1.0084662,-0.025504049,3.7174249,-0.011732866,2.1094148,-0.0082625635,-0.6537397,-0.0057066893,-0.65186566,-0.051407177,-1.3494855,-0.03449712,1.0566988,-0.009255129,-1.8142984,-0.0068539456,1.8418174,0.023949234,-1.5801293,-0.028216187,-0.7395493,-0.018302156,-1.2579406,-0.038257,-1.228391,0.020118877,-1.4285313,-0.008736951,0.30449453,0.019224524,0.1626389,0.028687663,-0.07553143,-0.15970933,0.23938148,0.05325704,-0.43413478,-0.071085006,-1.0233998,0.070565015,0.06829723,0.089734256,-0.14042555,0.002622528,-1.4301767,0.009971138,-0.41160086,-0.0655076,2.0201597,0.093092605,1.3019979,0.028072316,-0.63035065,-0.10157351,-0.8350284,0.06935605,-1.1000222,-0.031108402,-0.6342092,-0.017259821,0.12043285,0.06687442,0.19860522,0.024646997,-1.2012604,-0.05561988,1.7843499,0.0679908,0.4687883,0.03212092,-1.4371866,0.053080343,0.24588732,0.04661318,0.209518,-0.016369093,-0.31613296,0.0050973725,-1.9138049,0.046454646,-1.4162627,-0.054118827,-0.3885229,-0.025530037,0.4066889,-0.010902716,0.024079153,-0.0038250647,0.24796145,-0.05251219,0.6842123,-0.043253526,0.83102906,-0.04014615,-0.66531265,0.027029911,-0.31233191,-0.019657137,0.20781265,-0.059735116,1.3299769,-0.017818589,0.4456829,0.021086149,0.4779569,-0.0056600235,1.0085799,0.017570417,-0.72164047,-0.015746238,0.028369129,0.0096823815,-0.26639572,-0.035559203,0.0623646,0.0034433417,-0.4625822,-0.061320513,0.12136782,-0.031767927,1.7825404,0.022647608,-0.5426937,-0.038373627,-0.8091565,0.015261969,-1.2493274,0.00039785355,0.5215962,-0.026482228,2.0239294,-0.014714986
SOKRTAB12A8C1371C9,other,en,-0.98740506,-0.016169382,0.51655364,-0.056401573,0.5121471,0.005097747,0.025099022,-0.034373373,0.09961569,-0.014207503,0.49565217,-0.030299507,0.6880375,-0.025783077,-0.6673855,0.028030992,-0.21737295,-0.017358087,0.12442077,-0.015427824,0.13916111,-0.011256397,-0.034708638,-0.021359704,-0.32971174,-0.020787137,0.69152975,-0.04045179,1.0045235,-0.0108642345,1.3101183,-0.017972693,2.3226123,-0.00407042,-0.67082626,-0.0013039066,0.22033261,-0.0017862711,-1.9039392,0.015446381,-0.47158566,-0.020142477,-1.4667727,-0.0082078185,-0.9611462,-0.03859049,-0.89654344,0.030745106,-0.4081592,-0.0062476117,0.06989396,0.021059427,0.8614108,0.021809332,-0.45228037,-0.12655406,-0.08344187,0.064528294,2.1668847,-0.07682968,-0.07997306,0.0469081,-1.098363,0.072392344,-0.2641016,0.05643098,0.20566046,0.03280937,0.01582167,-0.04475786,-0.47493294,0.08443174,-0.44599584,0.04045256,-0.6716274,-0.085718475,0.8937247,0.057280306,-0.30350468,-0.0011818185,-1.3865482,-0.03512073,0.38003513,0.06327806,-0.72863835,0.032763578,-1.8370352,-0.04289967,-1.4158648,0.07662305,0.38009977,0.057335097,-0.4710221,0.045687456,0.80961394,0.04510063,0.4625772,2.4664216e-05,0.16510832,-0.02867719,-0.69006485,0.0064276336,0.47374582,-0.04182765,1.227166,-0.0015248507,0.7983294,-0.025141964,0.4241433,-0.0073511964,-0.15825357,-0.043662503,0.4661675,-0.04482106,-0.7783383,-0.06435354,-0.17305467,0.036368176,-0.077527575,-0.007855935,-0.9947945,-0.046158064,-0.6192138,-0.0033743586,0.85432637,-0.0090888385,0.6962731,0.009101864,0.41604817,0.0138445385,-0.88865745,-0.01865894,0.2656987,0.008548582,0.112173356,-0.026073923,0.34012815,0.020382665,-0.06514013,-0.0664516,-0.3683287,-0.029124038,0.3553842,0.02354732,-0.060674164,-0.021039773,-0.16075042,0.02198862,-0.27218354,0.0119859185,1.3112161,-0.048327938,-0.5194187,-0.01942901
SOMZNFA12A6D4F8A2A,other,en,0.6244768,-0.01760382,0.43081132,-0.059811704,-0.72132474,-0.00036093593,0.5065269,-0.050756007,-1.1009071,-0.015281425,0.40179506,-0.051953457,-0.27079722,-0.035500936,-0.4995591,0.036752313,-0.7147757,-0.019271972,-0.07007564,-0.0056169657,-0.6859219,-0.012163006,2.5131674,-0.03343106,0.023777636,-0.029018024,-0.48876154,-0.021946494,-0.58981293,-0.001938859,0.3317974,-0.035593327,0.019028578,-0.014309749,0.13863856,-0.005862686,2.0430086,-0.013003574,0.760359,0.021173082,1.2649707,-0.030641366,1.924002,0.004556151,0.6042694,-0.039867226,-0.22489356,0.017455852,-0.06224354,-0.011780428,-0.30177546,0.02067483,-0.5771299,0.01978888,-0.98276913,-0.13523066,-0.3866518,0.058816895,0.18841736,-0.07301249,0.6714014,0.061144903,1.3831216,0.077943504,-0.7474853,0.026246352,0.02964392,0.0092177875,-0.2844828,-0.05442851,0.07643231,0.098856,-0.6509494,0.04371467,-0.94304675,-0.11315436,-0.73594826,0.068340205,0.29300407,-0.022544816,0.9189839,-0.01764544,0.29246992,0.06666793,-3.4079251,0.030143622,0.5017249,-0.057811484,-1.3901923,0.074941784,-1.9554032,0.051078696,-0.27248225,0.03945056,3.2223575,0.047036335,-2.6063259,-0.0032773167,2.7025003,-0.012512496,-2.5571477,0.03480435,-1.2996305,-0.059405915,-1.5395193,-0.002769473,-3.187684,-0.016041653,0.78558517,0.0043447167,0.5044002,-0.050963797,-0.4911053,-0.050862025,0.7383248,-0.04644608,0.83972156,0.033339605,0.53070974,-0.02182849,-0.025285011,-0.045487154,0.0397615,-0.015833478,-0.0150249265,0.008869957,-0.0056642327,-0.005153749,-0.40395945,0.015831202,-0.28057206,-0.03538619,0.5775302,0.017164731,0.67058825,-0.029380117,0.35716212,0.026445547,0.1943961,-0.064622924,-0.72169244,-0.034206092,0.2805481,0.026630584,0.02161023,-0.03008806,0.581692,0.018243056,0.8539898,-0.0029027434,0.71832234,-0.045992855,-0.97872555,-0.026437152
SOIGFAH12A8AE4697D,dancehall,en,0.84118915,0.19094738,0.5699578,0.40394208,-0.14526689,-0.14116496,0.21073975,0.25121376,-0.11921675,0.4366222,-0.45547384,0.46549585,-0.5158073,0.69124246,-0.70708025,-0.38839674,0.13230191,-0.14504153,0.47596604,0.56755733,-0.9664028,0.26917553,-0.10659961,0.573443,-0.9813197,-0.02846191,1.3135471,0.9463361,-1.4717693,0.22349711,-0.022701554,0.28286976,-0.57617253,0.22544767,-1.4773318,-0.037805624,-1.0272725,-0.17089288,-0.21530044,-0.35210508,-0.6618613,0.28213334,-0.47367856,0.89431334,0.43927532,0.030480452,-0.30205718,-1.0434092,-0.15571992,0.2757981,0.3214138,-0.61205506,1.0575777,-0.12158619,-0.25593248,-0.6038541,-0.25821182,0.028635543,0.7507871,0.94240016,-0.24994113,-0.38318005,-0.08011249,-0.5030159,-0.22159769,-0.054860495,-0.3737508,0.034306668,4.914477,3.7594109,0.3562068,0.5472963,0.19220348,-0.16736105,0.16191973,0.033418514,-0.22862065,-0.3256209,0.9702542,0.62650603,0.26406237,0.062818095,-0.4673733,-0.11732407,0.40817338,-0.07134703,0.48601007,0.31973323,-0.44469708,-0.19686355,-0.4739644,-0.08954093,-0.8115624,-0.42074645,-0.763439,-0.5530286,0.53748524,0.08585053,-0.4403869,0.21687561,-0.120743275,0.06436723,0.20736443,0.022740914,-0.6923985,-0.104692236,-0.669042,-0.6248878,0.098165676,-0.22059041,-0.2806931,-0.2763195,-0.7722179,-0.112979755,0.6757328,-0.0667013,0.36076894,0.25497487,-0.37880185,-0.5168383,0.4053185,-0.45879406,0.5148173,0.35418236,-0.6062082,-0.06386255,-0.24833784,-0.34049627,-0.24903008,0.6131859,-0.037662003,-0.1366267,-0.6109548,-0.35746396,-0.08593211,-0.13532344,0.10185197,0.11901189,0.64231986,0.15814586,0.5494928,0.53648746,-1.124371,0.72717804,-0.25875467,-0.43074656,-0.29522377,-0.114087015,0.6767977,0.051398575,-0.9540967,0.4187441,0.5822019,-0.31285125
SOGLXHC12A58A7C184,other,en,-1.0047626,-0.023731431,0.8391961,-0.0706373,0.6542273,-0.015145637,0.6795934,-0.044022277,0.06924081,-0.010636308,0.62319386,-0.049636558,0.43067124,-0.041612186,0.32749304,0.03262496,0.8955097,-0.019019585,0.25372854,-0.02155123,0.20784146,-0.018926509,0.44795698,-0.020537362,1.1364938,-0.018149065,-1.0023135,-0.019627042,-0.28843495,-0.009414842,0.7976103,-0.03853303,0.43919832,-0.022848103,0.26905593,-0.011842399,-0.65165794,-0.010698937,0.7390848,0.020663422,0.6567895,-0.025954966,0.12344993,-0.010413764,2.2535129,-0.04099627,0.5417974,0.026463013,0.26238668,-0.0088714305,-0.6848803,0.022457438,0.81296194,0.01680024,-0.21836424,-0.1503807,0.5859881,0.060304932,1.1836412,-0.07198392,-0.30802152,0.0629241,-0.26534548,0.08890347,1.5188718,0.0100885015,-0.6689677,0.017598294,-1.0512661,-0.06367731,2.0960045,0.09538747,0.86575013,0.03166387,-0.23407319,-0.09921333,-0.6564136,0.07247618,0.14416406,-0.019659169,-0.08201878,-0.020038607,-0.69954956,0.06676508,-0.027668808,0.028799053,0.8627986,-0.054628626,-1.44893,0.06757734,1.2061478,0.043090336,-0.026964394,0.05014968,0.36186507,0.0408867,3.87386,-0.013657728,3.3896453,-0.0061473735,0.71537566,0.03462362,1.9141537,-0.052061215,-1.1592966,-0.010982385,-0.9450722,-0.017626481,0.5577041,0.0049423943,-0.54415864,-0.05091883,-0.63294214,-0.044499323,0.3692427,-0.047832124,0.78182817,0.025117252,-1.6156749,-0.017800506,1.0890934,-0.050632674,0.38084593,-0.008157685,-0.7737195,0.013860427,-0.60344374,-0.003996689,0.49645185,0.017194007,-0.38963923,-0.023132058,0.567234,0.0043180734,1.1434425,-0.029691786,-0.88732076,0.0061164163,-0.23198466,-0.06342373,0.43082064,-0.02455855,-0.7393218,0.023686659,-0.8016424,-0.032638565,0.13461064,0.018966153,-0.6547127,0.0011829389,-0.58588713,-0.037687704,0.78562367,-0.0110840965
SOSMUXL12A8C136808,other,en,0.038517017,-0.023851158,-0.8383229,-0.06868469,-0.7801731,-0.0013803914,-0.75527686,-0.047593556,-0.17148143,-0.014526489,-0.045462064,-0.037744805,-0.9516272,-0.045351997,1.4245518,0.03831689,0.12451579,-0.019819707,-0.06355226,-0.022355009,0.5303866,-0.022492927,0.23287074,-0.01677433,1.0563453,-0.023269728,1.1214058,-0.037285667,2.7013803,-0.017647974,-0.47253102,-0.031811725,0.97467935,-0.030558877,-0.07863265,-0.0073081283,1.8206754,-0.006093669,-0.3802575,0.01956611,-0.20005168,-0.01968569,-1.3245003,-0.019015046,-0.58188957,-0.03918562,-1.4597107,0.03431633,0.44745624,-0.008254042,-0.8140917,0.026234018,-0.6230535,0.016799718,-0.76834774,-0.13536955,-0.13484448,0.06910266,-0.19594534,-0.0731885,-0.1180402,0.069343455,0.58594626,0.08831334,-0.38826227,0.005797064,0.1250946,0.0060544647,-0.23327321,-0.07530142,-0.3831979,0.09606409,-0.5534232,0.02876544,-0.621129,-0.08414957,-0.68291795,0.079265,-0.35225153,-0.022359744,-1.01776,-0.014390513,1.0077322,0.058174163,-1.5437319,0.027718514,1.5803425,-0.047956526,-0.6349011,0.06503892,-1.1099552,0.045413665,0.49621147,0.04316193,1.0143771,0.02387769,-0.3879567,-0.016289389,0.20060998,-0.007787226,0.088452786,0.018089755,-0.42031416,-0.050856173,-0.77535045,0.002827637,-0.70936906,-0.033808105,-0.50084907,0.0014100112,-0.6138677,-0.052080028,-0.118345864,-0.031785443,0.25008035,-0.062333606,-0.11674032,0.026527312,-0.61665016,-0.010419685,0.61556125,-0.052790966,0.7823065,-0.0069069136,-1.4938966,0.014677666,-0.054294463,0.0006294325,-0.15855567,0.019519567,-0.22670607,-0.024775514,0.71383286,0.008836111,0.21008064,-0.026946848,-0.9683359,0.002707798,0.9536124,-0.06162156,-0.61935073,-0.025253411,-0.09274276,0.023515096,0.36135408,-0.030300982,0.7133352,0.011778442,-0.8090541,0.004307948,-0.5228462,-0.04329095,0.713265,-0.00709008
